week,team,rating
1,Air Force,-1.3399350428486543
1,Akron,-1.340800381276044
1,Alabama,-1.330670230637811
1,App State,-1.3098406797594275
1,Arizona,-1.3120842780813988
1,Arizona State,-1.3375901274214894
1,Arkansas,-1.3694388990604656
1,Arkansas State,-1.4111555929322916
1,Army,-1.4609683417674224
1,Auburn,-1.4900870991151294
1,BYU,-1.5228175062195495
1,Ball State,-1.5773025706735093
1,Baylor,-1.5951834563282423
1,Boise State,-1.6031379467585065
1,Boston College,-1.5888635153442465
1,Bowling Green,-1.5789880524991438
1,Buffalo,-1.577162894788891
1,California,-1.5516497900841255
1,Central Michigan,-1.5643682162854333
1,Charlotte,-1.5820070278850016
1,Cincinnati,-1.5751227538171024
1,Clemson,-1.5976329319102514
1,Coastal Carolina,-1.5949844291759683
1,Colorado,-1.567951144163784
1,Colorado State,-1.5255140868185502
1,Delaware,-1.497449037953643
1,Duke,-1.451720902751861
1,East Carolina,-1.442255630044637
1,Eastern Michigan,-1.410482794000706
1,Florida,-1.3548681196444439
1,Florida Atlantic,-1.3040842917448183
1,Florida International,-1.229554833875726
1,Florida State,-1.1563890767656462
1,Fresno State,-1.0912592409975237
1,Georgia,-1.0523817979038588
1,Georgia Southern,-1.0115731075668155
1,Georgia State,-0.9696284550703994
1,Georgia Tech,-0.8923461758121294
1,Hawai'i,-0.8257869960369649
1,Houston,-0.723830363330383
1,Illinois,-0.6430623843438964
1,Indiana,-0.560034315420049
1,Iowa,-0.46762263265661363
1,Iowa State,-0.3893737785790229
1,Jacksonville State,-0.3011902514975026
1,James Madison,-0.23447899165756322
1,Kansas,-0.15215625069955493
1,Kansas State,-0.07647019574807828
1,Kennesaw State,0.025182583736463142
1,Kent State,0.07081910883353479
1,Kentucky,0.11749470229413553
1,LSU,0.16808669201030618
1,Liberty,0.18699772971190462
1,Louisiana,0.22003174308308687
1,Louisiana Tech,0.2554067129626702
1,Louisville,0.2760784967299008
1,Marshall,0.30344091774383974
1,Maryland,0.37051655633948644
1,Massachusetts,0.4150848850229157
1,Memphis,0.5043911383399011
1,Miami,0.6135581962940146
1,Miami (OH),0.7080502640745049
1,Michigan,0.7950487854716827
1,Michigan State,0.8540364782407441
1,Middle Tennessee,0.8899095121844554
1,Minnesota,0.9551552348526746
1,Mississippi State,1.0043463783069766
1,Missouri,1.0290588700506655
1,Missouri State,1.071538857061415
1,NC State,1.1458101520171435
1,Navy,1.2181986827943883
1,Nebraska,1.3043189259605426
1,Nevada,1.350551272971368
1,New Mexico,1.4479836479342794
1,New Mexico State,1.5614632257519263
1,North Carolina,1.648942407458286
1,North Texas,1.7671467602111428
1,Northern Illinois,1.88701662867302
1,Northwestern,2.0066494966497164
1,Notre Dame,2.168353020343699
1,Ohio,2.292329844196899
1,Ohio State,2.4396538685556726
1,Oklahoma,2.58496295151004
1,Oklahoma State,2.7314064459157765
1,Old Dominion,2.844017715945919
1,Ole Miss,2.9790796977907243
1,Oregon,3.082957095014877
1,Oregon State,3.204241366777725
1,Penn State,3.3473496768585123
1,Pittsburgh,3.474559281707155
1,Purdue,3.594844188749558
1,Rice,3.6862366375240287
1,Rutgers,3.7804358533159874
1,SMU,3.8798681732801623
1,Sam Houston,3.9530881824269026
1,San Diego State,4.06634730036157
1,San José State,4.1845790108060505
1,South Alabama,4.297773552275007
1,South Carolina,4.416954696091049
1,South Florida,4.54001447802637
1,Southern Miss,4.643823815669376
1,Stanford,4.769567388069035
1,Syracuse,4.897475201405843
1,TCU,5.032291605709189
1,Temple,5.131114947026952
1,Tennessee,5.215529650503977
1,Texas,5.278798565884682
1,Texas A&M,5.342496911809307
1,Texas State,5.391186145447504
1,Texas Tech,5.418937854299916
1,Toledo,5.477116922811272
1,Troy,5.536745199797061
1,Tulane,5.607998780512197
1,Tulsa,5.65644613713414
1,UAB,5.700882428895434
1,UCF,5.764489301149832
1,UCLA,5.8347925928980935
1,UConn,5.909140322480683
1,UL Monroe,6.002172574018587
1,UNLV,6.075306779987251
1,USC,6.1464300566958014
1,UTEP,6.170788893117432
1,UTSA,6.237250802522874
1,Utah,6.287090997377795
1,Utah State,6.294636959097808
1,Vanderbilt,6.309754663652627
1,Virginia,6.319079885804138
1,Virginia Tech,6.308299970316701
1,Wake Forest,6.323504288039553
1,Washington,6.318844160632448
1,Washington State,6.341872586392421
1,West Virginia,6.328744497118398
1,Western Kentucky,6.338539415170396
1,Western Michigan,6.346939396366877
1,Wisconsin,6.356535295462639
1,Wyoming,6.388415172885874
2,Air Force,2.7296047291316006
2,Akron,2.7263169744340883
2,Alabama,2.776130409887368
2,App State,2.781287601534914
2,Arizona,2.7596702446238797
2,Arizona State,2.7631314621713057
2,Arkansas,2.760970223253954
2,Arkansas State,2.7228216395713636
2,Army,2.7350833713914424
2,Auburn,2.723502985245518
2,BYU,2.70228747156416
2,Ball State,2.644499633698827
2,Baylor,2.612137673908294
2,Boise State,2.5715668006136223
2,Boston College,2.5659535421026063
2,Bowling Green,2.505532654127732
2,Buffalo,2.509576973780078
2,California,2.4868213201455696
2,Central Michigan,2.4639035419585698
2,Charlotte,2.451702667646411
2,Cincinnati,2.449937285795041
2,Clemson,2.422327990134433
2,Coastal Carolina,2.439469684249204
2,Colorado,2.4282455466935304
2,Colorado State,2.3851529934535884
2,Delaware,2.35852409358579
2,Duke,2.351869412609828
2,East Carolina,2.382547400033763
2,Eastern Michigan,2.36911767906975
2,Florida,2.3961706319127885
2,Florida Atlantic,2.401984603164082
2,Florida International,2.4510039768314504
2,Florida State,2.4875828246061182
2,Fresno State,2.526915003411484
2,Georgia,2.537942963748995
2,Georgia Southern,2.581763147937254
2,Georgia State,2.6168366647191474
2,Georgia Tech,2.681717942685944
2,Hawai'i,2.7504311442697174
2,Houston,2.818748242942722
2,Illinois,2.84463368568123
2,Indiana,2.853700276196737
2,Iowa,2.8034503833811115
2,Iowa State,2.7917598447262084
2,Jacksonville State,2.7551385991647908
2,James Madison,2.728431509399932
2,Kansas,2.7206163772444456
2,Kansas State,2.697966779542386
2,Kennesaw State,2.6893211589621644
2,Kent State,2.7283328528276303
2,Kentucky,2.773765522123012
2,LSU,2.8379936818730753
2,Liberty,2.8980624980283465
2,Louisiana,2.9435219639645154
2,Louisiana Tech,2.991800693476679
2,Louisville,3.083834283541434
2,Marshall,3.1414393743169415
2,Maryland,3.218887046721791
2,Massachusetts,3.2993845441410987
2,Memphis,3.365696765925217
2,Miami,3.4130156522942636
2,Miami (OH),3.477535570710499
2,Michigan,3.5345490255234178
2,Michigan State,3.5893300052801935
2,Middle Tennessee,3.660326747636101
2,Minnesota,3.740553655632845
2,Mississippi State,3.8489380271175326
2,Missouri,3.918859608983268
2,Missouri State,4.012391065349025
2,NC State,4.095139112416763
2,Navy,4.178661256148886
2,Nebraska,4.242881933320863
2,Nevada,4.266510087176876
2,New Mexico,4.290740326554072
2,New Mexico State,4.32827007705598
2,North Carolina,4.353738866295371
2,North Texas,4.357954302261295
2,Northern Illinois,4.3538797376122425
2,Northwestern,4.364520414121049
2,Notre Dame,4.359620496922271
2,Ohio,4.388344681204183
2,Ohio State,4.3937850605460635
2,Oklahoma,4.400416254758149
2,Oklahoma State,4.421011794532503
2,Old Dominion,4.453262158452784
2,Ole Miss,4.47961420897478
2,Oregon,4.519620182641296
2,Oregon State,4.502287704461797
2,Penn State,4.4989366995828295
2,Pittsburgh,4.490746209789199
2,Purdue,4.442129578316527
2,Rice,4.382405495411255
2,Rutgers,4.36939403863176
2,SMU,4.370711808570503
2,Sam Houston,4.343875329855896
2,San Diego State,4.350307977702899
2,San José State,4.359583454922747
2,South Alabama,4.406526207948707
2,South Carolina,4.447310662360496
2,South Florida,4.50344966255325
2,Southern Miss,4.536871922032799
2,Stanford,4.566206477133396
2,Syracuse,4.63091497146753
2,TCU,4.684619213055601
2,Temple,4.72629333334367
2,Tennessee,4.755506680426803
2,Texas,4.7807106963821155
2,Texas A&M,4.801344324458261
2,Texas State,4.802048110630679
2,Texas Tech,4.813182027868524
2,Toledo,4.802942186579576
2,Troy,4.764956931719914
2,Tulane,4.739392417271482
2,Tulsa,4.6948349313357465
2,UAB,4.667807894904533
2,UCF,4.638755947163174
2,UCLA,4.599732742001461
2,UConn,4.556541441564141
2,UL Monroe,4.518061756365895
2,UNLV,4.504421320244724
2,USC,4.5229307212934815
2,UTEP,4.500281506837564
2,UTSA,4.49224379117265
2,Utah,4.497493919545288
2,Utah State,4.513117324429333
2,Vanderbilt,4.5306944139718
2,Virginia,4.506936739635465
2,Virginia Tech,4.492534506026206
2,Wake Forest,4.49958470886232
2,Washington,4.51050131304931
2,Washington State,4.530711607126431
2,West Virginia,4.542288376077709
2,Western Kentucky,4.546972973367385
2,Western Michigan,4.552268323025757
2,Wisconsin,4.5723961899680035
2,Wyoming,4.598078886363634
3,Air Force,1.3415116441533306
3,Akron,1.389787137220186
3,Alabama,1.4176263735779857
3,App State,1.433635978658483
3,Arizona,1.4563632575938985
3,Arizona State,1.496440772636104
3,Arkansas,1.5016471759074568
3,Arkansas State,1.5042823209515184
3,Army,1.5191519127424922
3,Auburn,1.5317020607230183
3,BYU,1.5469466278094204
3,Ball State,1.5705015934188573
3,Baylor,1.5805749482540619
3,Boise State,1.589811832160593
3,Boston College,1.6029732827735874
3,Bowling Green,1.6353431588893423
3,Buffalo,1.663726868165827
3,California,1.6669146165392734
3,Central Michigan,1.6665772446066198
3,Charlotte,1.7111611907222977
3,Cincinnati,1.7432517337117537
3,Clemson,1.7567736401108769
3,Coastal Carolina,1.7778524164005907
3,Colorado,1.863975787876172
3,Colorado State,1.951610442967296
3,Delaware,2.038834144518126
3,Duke,2.1292622716714806
3,East Carolina,2.192718088023604
3,Eastern Michigan,2.2448176419082304
3,Florida,2.299847257845761
3,Florida Atlantic,2.353079151318784
3,Florida International,2.42468467107327
3,Florida State,2.5044155410565794
3,Fresno State,2.6014488570719188
3,Georgia,2.686641108817181
3,Georgia Southern,2.7514319780046814
3,Georgia State,2.805503162312794
3,Georgia Tech,2.885871114070779
3,Hawai'i,2.970105255808258
3,Houston,3.019704835172635
3,Illinois,3.096247418698388
3,Indiana,3.126682485898854
3,Iowa,3.1751346542076053
3,Iowa State,3.1690026956298984
3,Jacksonville State,3.158146356167768
3,James Madison,3.131015482048604
3,Kansas,3.1296707599471394
3,Kansas State,3.1414361770413395
3,Kennesaw State,3.133414988960514
3,Kent State,3.1295384300188207
3,Kentucky,3.124314278906442
3,LSU,3.129647623860029
3,Liberty,3.1079791002098536
3,Louisiana,3.0955853380240272
3,Louisiana Tech,3.106895891134432
3,Louisville,3.128002911632053
3,Marshall,3.1336505856811816
3,Maryland,3.1163604878422486
3,Massachusetts,3.1272639237992688
3,Memphis,3.1572820651390896
3,Miami,3.168809924861422
3,Miami (OH),3.129363543815338
3,Michigan,3.1099999815366917
3,Michigan State,3.062625578031971
3,Middle Tennessee,3.0109564828265714
3,Minnesota,2.9850135615600792
3,Mississippi State,2.946979397770356
3,Missouri,2.896588522274181
3,Missouri State,2.8422419136392647
3,NC State,2.7807247798863437
3,Navy,2.72141492013799
3,Nebraska,2.6706141502276988
3,Nevada,2.5895162199327677
3,New Mexico,2.506556906443552
3,New Mexico State,2.397862730207792
3,North Carolina,2.310976803980306
3,North Texas,2.255790298335681
3,Northern Illinois,2.1554162701020263
3,Northwestern,2.0189817593323256
3,Notre Dame,1.938543861867668
3,Ohio,1.846851633203373
3,Ohio State,1.7848396005642122
3,Oklahoma,1.7132060956850694
3,Oklahoma State,1.6247076523194175
3,Old Dominion,1.4827613755264306
3,Ole Miss,1.3616720810057015
3,Oregon,1.2357863654296444
3,Oregon State,1.065415023166859
3,Penn State,0.9273613241556301
3,Pittsburgh,0.7855417039552329
3,Purdue,0.6707939950291264
3,Rice,0.5669431133307653
3,Rutgers,0.4533190077978516
3,SMU,0.3483093000940593
3,Sam Houston,0.21413664096088741
3,San Diego State,0.08140050873376108
3,San José State,-0.04643805611032701
3,South Alabama,-0.1937939341941907
3,South Carolina,-0.2975609077553262
3,South Florida,-0.3819739257339095
3,Southern Miss,-0.44380293270830556
3,Stanford,-0.5286077855107255
3,Syracuse,-0.6022185249106243
3,TCU,-0.6997075921386638
3,Temple,-0.7773877055886415
3,Tennessee,-0.8170149755421837
3,Texas,-0.8766895867735309
3,Texas A&M,-0.9344087194700326
3,Texas State,-1.0322796523837716
3,Texas Tech,-1.1044043928170406
3,Toledo,-1.177839868927354
3,Troy,-1.2609125171406548
3,Tulane,-1.3250345671910213
3,Tulsa,-1.4130315942606306
3,UAB,-1.4673739493106988
3,UCF,-1.5152596949138708
3,UCLA,-1.5635824443384894
3,UConn,-1.6034570187170214
3,UL Monroe,-1.653727231968326
3,UNLV,-1.6930369058572525
3,USC,-1.7370560995388657
3,UTEP,-1.8020828099555872
3,UTSA,-1.8514535352621244
3,Utah,-1.8865540561188712
3,Utah State,-1.980394712436245
3,Vanderbilt,-2.0764432820564362
3,Virginia,-2.1909300485735566
3,Virginia Tech,-2.3123814249988626
3,Wake Forest,-2.4186308477522145
3,Washington,-2.504688538975734
3,Washington State,-2.5976119249354523
3,West Virginia,-2.6428526612864447
3,Western Kentucky,-2.706879158493172
3,Western Michigan,-2.773640836596124
3,Wisconsin,-2.8159556556065612
3,Wyoming,-2.813270067370616
4,Air Force,-4.424512893334995
4,Akron,-4.44100693375803
4,Alabama,-4.450884994404156
4,App State,-4.452040249172489
4,Arizona,-4.448053925415728
4,Arizona State,-4.465562862337561
4,Arkansas,-4.4552243011022075
4,Arkansas State,-4.485744501075743
4,Army,-4.513096943736551
4,Auburn,-4.531469315938486
4,BYU,-4.517610614961542
4,Ball State,-4.5252058641319906
4,Baylor,-4.528726022999343
4,Boise State,-4.546056207647098
4,Boston College,-4.585606368225973
4,Bowling Green,-4.591869379672434
4,Buffalo,-4.60832350962585
4,California,-4.622854987789821
4,Central Michigan,-4.626197384749065
4,Charlotte,-4.6116174446012215
4,Cincinnati,-4.574451798732723
4,Clemson,-4.504594858367358
4,Coastal Carolina,-4.434685771029859
4,Colorado,-4.382895878092993
4,Colorado State,-4.358649302296663
4,Delaware,-4.345882319881728
4,Duke,-4.344323167799954
4,East Carolina,-4.354822132305505
4,Eastern Michigan,-4.35240245136802
4,Florida,-4.358926624036531
4,Florida Atlantic,-4.318992333217548
4,Florida International,-4.287596291568762
4,Florida State,-4.218890619582279
4,Fresno State,-4.198603782684863
4,Georgia,-4.191531451230541
4,Georgia Southern,-4.185625858726071
4,Georgia State,-4.1778365184456145
4,Georgia Tech,-4.132667288230883
4,Hawai'i,-4.073878113101858
4,Houston,-4.034561764956287
4,Illinois,-4.007933632894151
4,Indiana,-3.940346032020118
4,Iowa,-3.8978456087662856
4,Iowa State,-3.842452444566861
4,Jacksonville State,-3.8234016904173096
4,James Madison,-3.800776440096499
4,Kansas,-3.799613902092063
4,Kansas State,-3.827658647796874
4,Kennesaw State,-3.826676997371825
4,Kent State,-3.8635041911203145
4,Kentucky,-3.8590247806078857
4,LSU,-3.8350530499342623
4,Liberty,-3.825949254921871
4,Louisiana,-3.792564381674171
4,Louisiana Tech,-3.773582876597223
4,Louisville,-3.7393676415473305
4,Marshall,-3.723456167459514
4,Maryland,-3.719550342095696
4,Massachusetts,-3.7269401395363566
4,Memphis,-3.741655149283453
4,Miami,-3.761577128550749
4,Miami (OH),-3.7980107978882787
4,Michigan,-3.7993858710201223
4,Michigan State,-3.8249226590944807
4,Middle Tennessee,-3.830888445265518
4,Minnesota,-3.84033317802746
4,Mississippi State,-3.8678059773713405
4,Missouri,-3.9045353418327537
4,Missouri State,-3.926678861689955
4,NC State,-3.9518452927463192
4,Navy,-3.9721473288400238
4,Nebraska,-3.9803702155652227
4,Nevada,-3.9921628112796324
4,New Mexico,-4.006381326176051
4,New Mexico State,-3.989235893957557
4,North Carolina,-3.9961178367321173
4,North Texas,-3.9894867979905158
4,Northern Illinois,-3.992195338700463
4,Northwestern,-3.972772358029193
4,Notre Dame,-3.9518551682974503
4,Ohio,-3.952274908971098
4,Ohio State,-3.9398858923086095
4,Oklahoma,-3.899513768489983
4,Oklahoma State,-3.9241894124373253
4,Old Dominion,-3.923524835906751
4,Ole Miss,-3.9170706076392707
4,Oregon,-3.9272542788354676
4,Oregon State,-3.9621694192891037
4,Penn State,-3.976468368570815
4,Pittsburgh,-3.9878340157990504
4,Purdue,-4.0069923442668
4,Rice,-4.016778144754531
4,Rutgers,-4.0372245234302415
4,SMU,-4.03154988610013
4,Sam Houston,-3.9928069904029218
4,San Diego State,-3.945039834574409
4,San José State,-3.926659689583142
4,South Alabama,-3.8706760020441626
4,South Carolina,-3.83459136528072
4,South Florida,-3.80104577744521
4,Southern Miss,-3.742887652276482
4,Stanford,-3.7057514239099008
4,Syracuse,-3.6418699782859285
4,TCU,-3.577529588055373
4,Temple,-3.509337869688307
4,Tennessee,-3.437391923671689
4,Texas,-3.3784665506976053
4,Texas A&M,-3.370002430173322
4,Texas State,-3.361193461169838
4,Texas Tech,-3.350017324312029
4,Toledo,-3.3715122247332245
4,Troy,-3.384744518638111
4,Tulane,-3.4106459477991398
4,Tulsa,-3.421071496606199
4,UAB,-3.4498625387481057
4,UCF,-3.42733017566912
4,UCLA,-3.4358005575340824
4,UConn,-3.459764907586687
4,UL Monroe,-3.4567476788042844
4,UNLV,-3.4398932179013473
4,USC,-3.4657540835877243
4,UTEP,-3.499934765686313
4,UTSA,-3.4927014889923944
4,Utah,-3.503140310543935
4,Utah State,-3.48537087742867
4,Vanderbilt,-3.4819311153454184
4,Virginia,-3.5104601597958554
4,Virginia Tech,-3.5568715403403415
4,Wake Forest,-3.605033866876669
4,Washington,-3.6722995095908346
4,Washington State,-3.791018211498969
4,West Virginia,-3.8327734545406678
4,Western Kentucky,-3.8565029078261177
4,Western Michigan,-3.8831869029460684
4,Wisconsin,-3.9294199602611246
4,Wyoming,-3.9424681933418033
5,Air Force,-1.8216376170557886
5,Akron,-1.8100201769850806
5,Alabama,-1.775628061230107
5,App State,-1.7741617969304881
5,Arizona,-1.7558806321015816
5,Arizona State,-1.6953975311663927
5,Arkansas,-1.6621173293601699
5,Arkansas State,-1.5661742796564513
5,Army,-1.4732353314683162
5,Auburn,-1.3528907888882082
5,BYU,-1.2534348937151985
5,Ball State,-1.1481580304211656
5,Baylor,-1.0447362934853852
5,Boise State,-0.964773927895384
5,Boston College,-0.9111069370012633
5,Bowling Green,-0.8254562977587551
5,Buffalo,-0.7620397246642026
5,California,-0.6957011805670773
5,Central Michigan,-0.6347488520121164
5,Charlotte,-0.563087216726026
5,Cincinnati,-0.4738790542000757
5,Clemson,-0.43441519218645525
5,Coastal Carolina,-0.412194712447903
5,Colorado,-0.3708559531862467
5,Colorado State,-0.3126324700659111
5,Delaware,-0.2294369501026136
5,Duke,-0.13425896291299103
5,East Carolina,-0.08920798103380209
5,Eastern Michigan,-0.07389072270277545
5,Florida,-0.030979545914657246
5,Florida Atlantic,-0.010297571333076055
5,Florida International,0.02915918993668598
5,Florida State,0.08079072878746929
5,Fresno State,0.1544663114972162
5,Georgia,0.22497052517918667
5,Georgia Southern,0.31444051800937306
5,Georgia State,0.40865478060662075
5,Georgia Tech,0.5055849472340178
5,Hawai'i,0.5936385936511526
5,Houston,0.6724359506958701
5,Illinois,0.7490024188435664
5,Indiana,0.8147337930194803
5,Iowa,0.8419263187166832
5,Iowa State,0.92308728052686
5,Jacksonville State,0.9747480527536044
5,James Madison,1.0275655918396662
5,Kansas,1.0883148318180147
5,Kansas State,1.1567529473212321
5,Kennesaw State,1.191740277191217
5,Kent State,1.2547922877205655
5,Kentucky,1.3208043529574862
5,LSU,1.386400375567167
5,Liberty,1.450809149559243
5,Louisiana,1.5141826261096756
5,Louisiana Tech,1.5595816548729362
5,Louisville,1.6066453752944372
5,Marshall,1.6383862151547919
5,Maryland,1.6496073026012865
5,Massachusetts,1.662392928181806
5,Memphis,1.7201681254976018
5,Miami,1.7606080358069705
5,Miami (OH),1.794119581630008
5,Michigan,1.8257265194178096
5,Michigan State,1.8426785337114626
5,Middle Tennessee,1.867159056050388
5,Minnesota,1.9096367736761417
5,Mississippi State,1.9246796460073596
5,Missouri,1.9637407915253895
5,Missouri State,1.9708927156909668
5,NC State,1.9813666009326967
5,Navy,1.99586323691133
5,Nebraska,2.0346377549348174
5,Nevada,2.058429089304711
5,New Mexico,2.0917245895325194
5,New Mexico State,2.116397162317165
5,North Carolina,2.142760289854356
5,North Texas,2.1916355123781077
5,Northern Illinois,2.2159682708200332
5,Northwestern,2.219183194134244
5,Notre Dame,2.277562203124725
5,Ohio,2.2588903619579215
5,Ohio State,2.2511524686543916
5,Oklahoma,2.2201453810195124
5,Oklahoma State,2.187600512914882
5,Old Dominion,2.1979144311921783
5,Ole Miss,2.2069134511584165
5,Oregon,2.1878882045510273
5,Oregon State,2.156508510894531
5,Penn State,2.1422774879989563
5,Pittsburgh,2.1048917508915106
5,Purdue,2.106287201492067
5,Rice,2.1205332725187294
5,Rutgers,2.1294707818508294
5,SMU,2.128127018137363
5,Sam Houston,2.126355489418667
5,San Diego State,2.13774330308758
5,San José State,2.1379119065300363
5,South Alabama,2.1292463852703447
5,South Carolina,2.133189443939506
5,South Florida,2.1662292444924374
5,Southern Miss,2.1705368438273713
5,Stanford,2.148675654510863
5,Syracuse,2.149144871655391
5,TCU,2.174476722312323
5,Temple,2.2114962214349827
5,Tennessee,2.2216859564613447
5,Texas,2.2134694174388168
5,Texas A&M,2.2183897563812742
5,Texas State,2.2310123037167457
5,Texas Tech,2.254517819125918
5,Toledo,2.26419111906388
5,Troy,2.2228687977158463
5,Tulane,2.2141304523380914
5,Tulsa,2.1647634068990538
5,UAB,2.129792639582193
5,UCF,2.1331578533978415
5,UCLA,2.1351574225792858
5,UConn,2.1155854493770683
5,UL Monroe,2.102176899425367
5,UNLV,2.096388924304587
5,USC,2.0927494612894337
5,UTEP,2.064023178463345
5,UTSA,2.0514205937897123
5,Utah,2.074768590569433
5,Utah State,2.039805692804688
5,Vanderbilt,2.015593913942445
5,Virginia,1.9680058385850123
5,Virginia Tech,1.9665995540192613
5,Wake Forest,1.944978073543616
5,Washington,1.9272411936310536
5,Washington State,1.9089131170994347
5,West Virginia,1.8948126697690286
5,Western Kentucky,1.8886329036286253
5,Western Michigan,1.8845266935695388
5,Wisconsin,1.8617449239020407
5,Wyoming,1.8661034065544908
6,Air Force,-1.7259233874742814
6,Akron,-1.7298355580550908
6,Alabama,-1.7215015939382172
6,App State,-1.7300451846929261
6,Arizona,-1.740392769582538
6,Arizona State,-1.788124806907314
6,Arkansas,-1.8339844961625835
6,Arkansas State,-1.8552325361025637
6,Army,-1.9100903736616184
6,Auburn,-1.9659703090157332
6,BYU,-2.0195057279353588
6,Ball State,-2.1012601811057294
6,Baylor,-2.1752449477918367
6,Boise State,-2.2437165530947136
6,Boston College,-2.2971340339878865
6,Bowling Green,-2.3443179633603957
6,Buffalo,-2.3745132158115343
6,California,-2.397085635328124
6,Central Michigan,-2.4040275722526605
6,Charlotte,-2.411012871765062
6,Cincinnati,-2.3829838369458183
6,Clemson,-2.355331247058981
6,Coastal Carolina,-2.3579570961297427
6,Colorado,-2.3350552910145557
6,Colorado State,-2.304728882773017
6,Delaware,-2.256295263875918
6,Duke,-2.2089474204323793
6,East Carolina,-2.1793356115706777
6,Eastern Michigan,-2.1600990152734276
6,Florida,-2.137581002048497
6,Florida Atlantic,-2.141423970404754
6,Florida International,-2.1509883782585373
6,Florida State,-2.1237501021940517
6,Fresno State,-2.0744703952742274
6,Georgia,-2.050227758784468
6,Georgia Southern,-2.0391696961280226
6,Georgia State,-2.046642206324349
6,Georgia Tech,-2.0420380537123464
6,Hawai'i,-2.0212086743683355
6,Houston,-1.9980043791182762
6,Illinois,-1.9429845304121964
6,Indiana,-1.8942631660687983
6,Iowa,-1.8554238627005364
6,Iowa State,-1.8380574951667765
6,Jacksonville State,-1.7924159096630392
6,James Madison,-1.7647006576261124
6,Kansas,-1.7383316059646565
6,Kansas State,-1.7135915177818068
6,Kennesaw State,-1.7110611895137386
6,Kent State,-1.693657501283564
6,Kentucky,-1.6602986333568315
6,LSU,-1.6002015767045574
6,Liberty,-1.5654480380223756
6,Louisiana,-1.529742113448463
6,Louisiana Tech,-1.4729054564466184
6,Louisville,-1.416987283668639
6,Marshall,-1.344373920272795
6,Maryland,-1.3125741463773937
6,Massachusetts,-1.2331072205126774
6,Memphis,-1.1166266997964964
6,Miami,-1.0842719828662044
6,Miami (OH),-1.0097403889800816
6,Michigan,-0.9412421698789236
6,Michigan State,-0.9029822771704867
6,Middle Tennessee,-0.865595120494268
6,Minnesota,-0.8214447621266723
6,Mississippi State,-0.7892089345553156
6,Missouri,-0.7090434765336765
6,Missouri State,-0.6524711839768328
6,NC State,-0.5819479477526768
6,Navy,-0.4979803210802066
6,Nebraska,-0.4108843771411135
6,Nevada,-0.3305259619539431
6,New Mexico,-0.28536701926465474
6,New Mexico State,-0.22350239995347654
6,North Carolina,-0.195335868739697
6,North Texas,-0.11523030803425162
6,Northern Illinois,-0.04924210699122956
6,Northwestern,0.07634495044050242
6,Notre Dame,0.13138500658871766
6,Ohio,0.2064337562911507
6,Ohio State,0.23380862359125373
6,Oklahoma,0.27194689191010163
6,Oklahoma State,0.2835475812655198
6,Old Dominion,0.3041212832081606
6,Ole Miss,0.29801778521281813
6,Oregon,0.31673661048755497
6,Oregon State,0.32435933935657907
6,Penn State,0.3102351772943528
6,Pittsburgh,0.3038214144977213
6,Purdue,0.29030490058162917
6,Rice,0.26435579262835934
6,Rutgers,0.2601715034798184
6,SMU,0.26240166150555366
6,Sam Houston,0.24871951458224764
6,San Diego State,0.2603138926507431
6,San José State,0.276684705193649
6,South Alabama,0.27174498382262025
6,South Carolina,0.2854576977273926
6,South Florida,0.28864684532359003
6,Southern Miss,0.2732724222941443
6,Stanford,0.2569445187362578
6,Syracuse,0.24710529889979124
6,TCU,0.25183003701260587
6,Temple,0.23227899764260648
6,Tennessee,0.2199684428371441
6,Texas,0.20355349985845642
6,Texas A&M,0.19953260813032778
6,Texas State,0.15043623797862019
6,Texas Tech,0.13036309213691674
6,Toledo,0.05386390987652573
6,Troy,0.023335161238650717
6,Tulane,-0.030876187973002945
6,Tulsa,-0.07725424669705543
6,UAB,-0.09917674008366797
6,UCF,-0.07917356975251465
6,UCLA,-0.08550108209843865
6,UConn,-0.08465589365923122
6,UL Monroe,-0.10176584841174761
6,UNLV,-0.10138909951024015
6,USC,-0.1391418746386951
6,UTEP,-0.15114429323144152
6,UTSA,-0.17325075026793313
6,Utah,-0.20515984497594766
6,Utah State,-0.19765335841649898
6,Vanderbilt,-0.21114781311375438
6,Virginia,-0.2053266546068931
6,Virginia Tech,-0.20145653869136457
6,Wake Forest,-0.17443003051397196
6,Washington,-0.19661560006841014
6,Washington State,-0.24010355805387432
6,West Virginia,-0.2439211876955445
6,Western Kentucky,-0.2441524397632352
6,Western Michigan,-0.26009271516671345
6,Wisconsin,-0.337911028062961
6,Wyoming,-0.3191431896323954
7,Air Force,-1.552383698893459
7,Akron,-1.5627104002925825
7,Alabama,-1.537314242718067
7,App State,-1.5193143940860538
7,Arizona,-1.535696299566861
7,Arizona State,-1.5143865945171886
7,Arkansas,-1.488617497695154
7,Arkansas State,-1.4957050222865165
7,Army,-1.4769411503677223
7,Auburn,-1.4876892195365292
7,BYU,-1.4741121349567645
7,Ball State,-1.4843854423163896
7,Baylor,-1.465285572489611
7,Boise State,-1.4267425875635833
7,Boston College,-1.3792349742876884
7,Bowling Green,-1.3266186286694437
7,Buffalo,-1.2956395053467753
7,California,-1.2362084451010706
7,Central Michigan,-1.2061120107621996
7,Charlotte,-1.1508664400065232
7,Cincinnati,-1.0951760125812706
7,Clemson,-1.0336004191782675
7,Coastal Carolina,-0.9885624108279826
7,Colorado,-0.9689357526179131
7,Colorado State,-0.9424628446189
7,Delaware,-0.9490194678122079
7,Duke,-0.9519470963384659
7,East Carolina,-0.9496944284620409
7,Eastern Michigan,-0.9363090395032242
7,Florida,-0.9185425342735605
7,Florida Atlantic,-0.906509773817879
7,Florida International,-0.9192376009042742
7,Florida State,-0.9385085439300423
7,Fresno State,-0.941298019959407
7,Georgia,-0.951470895920912
7,Georgia Southern,-0.9571199486024424
7,Georgia State,-0.9417735516817329
7,Georgia Tech,-0.9089147913546743
7,Hawai'i,-0.891163060433852
7,Houston,-0.8535513119614314
7,Illinois,-0.8784710163637081
7,Indiana,-0.8629351622326866
7,Iowa,-0.8553768160489101
7,Iowa State,-0.8878633586679133
7,Jacksonville State,-0.9349090730371791
7,James Madison,-0.9779759735193327
7,Kansas,-1.0105409955337985
7,Kansas State,-1.0209514389676075
7,Kennesaw State,-1.0584647477254792
7,Kent State,-1.1111359789129205
7,Kentucky,-1.2034910699729666
7,LSU,-1.2966244653967693
7,Liberty,-1.3923411090198332
7,Louisiana,-1.4788796844915413
7,Louisiana Tech,-1.5847122002760596
7,Louisville,-1.679701444700637
7,Marshall,-1.7498146919474449
7,Maryland,-1.843797932811179
7,Massachusetts,-1.9109338060672094
7,Memphis,-1.9589100744281456
7,Miami,-2.00840189519192
7,Miami (OH),-2.0800408719936674
7,Michigan,-2.1540017708044203
7,Michigan State,-2.2106274167553144
7,Middle Tennessee,-2.25286041807468
7,Minnesota,-2.2766580564816836
7,Mississippi State,-2.3318500170508316
7,Missouri,-2.3779932714450567
7,Missouri State,-2.3784462082040445
7,NC State,-2.4161816616604437
7,Navy,-2.3953662743835666
7,Nebraska,-2.4142778177914126
7,Nevada,-2.435503896484296
7,New Mexico,-2.4239841466606893
7,New Mexico State,-2.4273962726199616
7,North Carolina,-2.4346956117818577
7,North Texas,-2.4227163734390205
7,Northern Illinois,-2.39596005890073
7,Northwestern,-2.354118136620793
7,Notre Dame,-2.332990603962003
7,Ohio,-2.3256574783330843
7,Ohio State,-2.3158887204839074
7,Oklahoma,-2.3188758744417717
7,Oklahoma State,-2.3085018376084245
7,Old Dominion,-2.2877486056182326
7,Ole Miss,-2.2491656169063408
7,Oregon,-2.210400738971921
7,Oregon State,-2.1457044537310677
7,Penn State,-2.060961676067432
7,Pittsburgh,-1.9758895087955504
7,Purdue,-1.901897737381092
7,Rice,-1.794735238751944
7,Rutgers,-1.697716469658857
7,SMU,-1.5872799548652805
7,Sam Houston,-1.473324580638403
7,San Diego State,-1.35148301447724
7,San José State,-1.2614572006708025
7,South Alabama,-1.1753862587029507
7,South Carolina,-1.0669275512300123
7,South Florida,-0.9799493159734881
7,Southern Miss,-0.9376790319402158
7,Stanford,-0.9142383528625414
7,Syracuse,-0.8488352116599751
7,TCU,-0.7703721653957292
7,Temple,-0.6951718697338582
7,Tennessee,-0.6008735114579357
7,Texas,-0.5120472075451463
7,Texas A&M,-0.4463707632865829
7,Texas State,-0.40616315599797304
7,Texas Tech,-0.3250941344310834
7,Toledo,-0.2648378031041244
7,Troy,-0.21484291689177254
7,Tulane,-0.16708310286124234
7,Tulsa,-0.12101992232579133
7,UAB,-0.08257888845959156
7,UCF,-0.03143905180438179
7,UCLA,0.043332013326029456
7,UConn,0.09449313053208859
7,UL Monroe,0.13430690042080937
7,UNLV,0.16398434548684973
7,USC,0.20193304058817257
7,UTEP,0.248619985870385
7,UTSA,0.3073979536609707
7,Utah,0.32983183973928804
7,Utah State,0.32563280276926193
7,Vanderbilt,0.33792436499666195
7,Virginia,0.3861984213335718
7,Virginia Tech,0.4050821124899357
7,Wake Forest,0.43336204184907706
7,Washington,0.44599331083609955
7,Washington State,0.4583862294257144
7,West Virginia,0.4332287512024923
7,Western Kentucky,0.41473898928331265
7,Western Michigan,0.42600142524196205
7,Wisconsin,0.3881875036551937
7,Wyoming,0.38962090823131335
8,Air Force,-1.5562679704331792
8,Akron,-1.5626491917046397
8,Alabama,-1.5425072920972067
8,App State,-1.546703469225088
8,Arizona,-1.567735321806525
8,Arizona State,-1.5611985787614062
8,Arkansas,-1.5607865829670482
8,Arkansas State,-1.5275656205221098
8,Army,-1.5238668993947133
8,Auburn,-1.5079606404646089
8,BYU,-1.4851199583432686
8,Ball State,-1.4641112747314664
8,Baylor,-1.45625516479911
8,Boise State,-1.4516461665029834
8,Boston College,-1.452595159585269
8,Bowling Green,-1.462359910519836
8,Buffalo,-1.4228812970631972
8,California,-1.3760166842837622
8,Central Michigan,-1.3514405262311364
8,Charlotte,-1.3146798719397348
8,Cincinnati,-1.29531676297319
8,Clemson,-1.3074237532512372
8,Coastal Carolina,-1.2781002328031608
8,Colorado,-1.2827958191095183
8,Colorado State,-1.2762416234618637
8,Delaware,-1.2679116353061184
8,Duke,-1.2456537911033905
8,East Carolina,-1.2219544704886616
8,Eastern Michigan,-1.1964969700501182
8,Florida,-1.1490594957948252
8,Florida Atlantic,-1.0998616567539945
8,Florida International,-1.0318150396783554
8,Florida State,-0.9902286132497518
8,Fresno State,-0.9250954362559605
8,Georgia,-0.8658970241791831
8,Georgia Southern,-0.8150684445808375
8,Georgia State,-0.7756575929688969
8,Georgia Tech,-0.7508103426181533
8,Hawai'i,-0.7105993298273501
8,Houston,-0.7065599469918188
8,Illinois,-0.6789524686721146
8,Indiana,-0.659998221767506
8,Iowa,-0.6392733207403174
8,Iowa State,-0.6559135116766529
8,Jacksonville State,-0.6443972305278661
8,James Madison,-0.6441187484808345
8,Kansas,-0.6815393028824327
8,Kansas State,-0.7101839474917527
8,Kennesaw State,-0.7475247489014045
8,Kent State,-0.792551075763289
8,Kentucky,-0.8072075083202643
8,LSU,-0.799899132648164
8,Liberty,-0.813855919140437
8,Louisiana,-0.80817809919304
8,Louisiana Tech,-0.7987543762187037
8,Louisville,-0.748165174010961
8,Marshall,-0.7325186137717815
8,Maryland,-0.7066230707122988
8,Massachusetts,-0.6830549903398749
8,Memphis,-0.6537938234399827
8,Miami,-0.6162492192804064
8,Miami (OH),-0.5587654492258787
8,Michigan,-0.5192687591755432
8,Michigan State,-0.49054953974758214
8,Middle Tennessee,-0.4636717327821535
8,Minnesota,-0.4144013595640659
8,Mississippi State,-0.3849586215576146
8,Missouri,-0.3707481472600653
8,Missouri State,-0.35019762236668306
8,NC State,-0.33829517298479306
8,Navy,-0.31755735118645173
8,Nebraska,-0.3017496304823583
8,Nevada,-0.27988978224024913
8,New Mexico,-0.26592253950595107
8,New Mexico State,-0.23716905402262192
8,North Carolina,-0.2244434846455975
8,North Texas,-0.1991271772996095
8,Northern Illinois,-0.19282097240493
8,Northwestern,-0.16442274047553454
8,Notre Dame,-0.15700991325732533
8,Ohio,-0.16959592178488936
8,Ohio State,-0.18706761673444494
8,Oklahoma,-0.22728147190783463
8,Oklahoma State,-0.29515421800892416
8,Old Dominion,-0.32668565010565187
8,Ole Miss,-0.3420036201271948
8,Oregon,-0.34573950410208965
8,Oregon State,-0.362896940829493
8,Penn State,-0.4136322713212324
8,Pittsburgh,-0.4604199393675726
8,Purdue,-0.5101728202056921
8,Rice,-0.5595242186219999
8,Rutgers,-0.6058194756869352
8,SMU,-0.6217611539609222
8,Sam Houston,-0.6547901593027077
8,San Diego State,-0.6495421948484797
8,San José State,-0.6774480440513535
8,South Alabama,-0.6847825724100672
8,South Carolina,-0.6866328943530715
8,South Florida,-0.6605493435827253
8,Southern Miss,-0.6498084047183552
8,Stanford,-0.668795463518487
8,Syracuse,-0.6823184392299847
8,TCU,-0.7037430741630836
8,Temple,-0.689676601462604
8,Tennessee,-0.7505372441092221
8,Texas,-0.7600012554005575
8,Texas A&M,-0.7961410287790212
8,Texas State,-0.8405677615435198
8,Texas Tech,-0.8733476222048813
8,Toledo,-0.9280714516774352
8,Troy,-0.9771113163228046
8,Tulane,-1.060808375124859
8,Tulsa,-1.1654972264561638
8,UAB,-1.2357493032309947
8,UCF,-1.330394671144953
8,UCLA,-1.4722246491171362
8,UConn,-1.5951681620057194
8,UL Monroe,-1.7456072113043202
8,UNLV,-1.8606171194987962
8,USC,-1.951776333212909
8,UTEP,-2.0468346252916003
8,UTSA,-2.1490890656255153
8,Utah,-2.2217530479598917
8,Utah State,-2.278716058228144
8,Vanderbilt,-2.3483161379610724
8,Virginia,-2.4137761979415453
8,Virginia Tech,-2.488897615522564
8,Wake Forest,-2.549863702095851
8,Washington,-2.6235831646178154
8,Washington State,-2.713469487940207
8,West Virginia,-2.7806455005124415
8,Western Kentucky,-2.861995389584071
8,Western Michigan,-2.9072807751479965
8,Wisconsin,-2.9268411165496255
8,Wyoming,-2.937744122979211
9,Air Force,-0.6361878316320809
9,Akron,-0.633082668128315
9,Alabama,-0.6472191312105868
9,App State,-0.6653381128208322
9,Arizona,-0.683043296186103
9,Arizona State,-0.7128727209151039
9,Arkansas,-0.7405187307308858
9,Arkansas State,-0.7521320823608204
9,Army,-0.7675070085862183
9,Auburn,-0.767545604601078
9,BYU,-0.7924628416659749
9,Ball State,-0.8161243116072276
9,Baylor,-0.8563899029133667
9,Boise State,-0.8477527327735204
9,Boston College,-0.8932085406436081
9,Bowling Green,-0.9341107302757744
9,Buffalo,-0.9700786045468167
9,California,-1.0113714305494705
9,Central Michigan,-1.045342757411459
9,Charlotte,-1.1139745685323739
9,Cincinnati,-1.138493240956989
9,Clemson,-1.14214799931929
9,Coastal Carolina,-1.1807230139953329
9,Colorado,-1.180320796167712
9,Colorado State,-1.1844549955279111
9,Delaware,-1.154172878132191
9,Duke,-1.1387835326290556
9,East Carolina,-1.1178517622606683
9,Eastern Michigan,-1.0871374180036193
9,Florida,-1.0656687825904498
9,Florida Atlantic,-1.013431130831991
9,Florida International,-0.9711452865185646
9,Florida State,-0.8841971426452147
9,Fresno State,-0.8388120327249377
9,Georgia,-0.7631815740743866
9,Georgia Southern,-0.7044930335575603
9,Georgia State,-0.6333780877938932
9,Georgia Tech,-0.5392204525357436
9,Hawai'i,-0.4545470419379448
9,Houston,-0.3902518035545583
9,Illinois,-0.33932785940973753
9,Indiana,-0.2693088066862773
9,Iowa,-0.2419314892728734
9,Iowa State,-0.2552306414747288
9,Jacksonville State,-0.2541864874217443
9,James Madison,-0.23354426961764033
9,Kansas,-0.22824049345743047
9,Kansas State,-0.18337440694480925
9,Kennesaw State,-0.1949246882366064
9,Kent State,-0.20001182683337862
9,Kentucky,-0.2244446208420367
9,LSU,-0.21552606812981573
9,Liberty,-0.1936779740587023
9,Louisiana,-0.15964827957895522
9,Louisiana Tech,-0.09007244181751183
9,Louisville,-0.04241828465889947
9,Marshall,-0.0071997287723153764
9,Maryland,0.03545560707152752
9,Massachusetts,0.06572061171620985
9,Memphis,0.10282326594108931
9,Miami,0.1643067596432463
9,Miami (OH),0.2043283824119271
9,Michigan,0.22501274608555966
9,Michigan State,0.21253226574583642
9,Middle Tennessee,0.22169323489031126
9,Minnesota,0.23260651087903178
9,Mississippi State,0.28615248560470796
9,Missouri,0.32568401241899475
9,Missouri State,0.4153560205815615
9,NC State,0.47675957513277617
9,Navy,0.5360609185700156
9,Nebraska,0.6011222160577208
9,Nevada,0.6546647427703542
9,New Mexico,0.7371115144528613
9,New Mexico State,0.8219497240387088
9,North Carolina,0.9027786204947512
9,North Texas,0.9595265503082228
9,Northern Illinois,1.0044807285321466
9,Northwestern,1.0706003868730172
9,Notre Dame,1.1237476744872268
9,Ohio,1.1611183850879365
9,Ohio State,1.2081582533173632
9,Oklahoma,1.2438385688170033
9,Oklahoma State,1.299043986257095
9,Old Dominion,1.3828854008569615
9,Ole Miss,1.4654338533139533
9,Oregon,1.5483710036821512
9,Oregon State,1.6040518253376812
9,Penn State,1.6773207006178255
9,Pittsburgh,1.7203463054538912
9,Purdue,1.7888381379495342
9,Rice,1.8503252415519256
9,Rutgers,1.9185179211082597
9,SMU,1.9553265369234274
9,Sam Houston,2.010805782897265
9,San Diego State,2.0658587283805594
9,San José State,2.0921397594958253
9,South Alabama,2.100491944613899
9,South Carolina,2.1279220447905334
9,South Florida,2.156680188329632
9,Southern Miss,2.1814921146289286
9,Stanford,2.197096653110671
9,Syracuse,2.253609216280995
9,TCU,2.318915994130114
9,Temple,2.364135787786241
9,Tennessee,2.396979520257208
9,Texas,2.4088862773726096
9,Texas A&M,2.423908772349853
9,Texas State,2.4074343029862186
9,Texas Tech,2.3776015870140927
9,Toledo,2.3436184671031084
9,Troy,2.303703827875019
9,Tulane,2.3015952830547333
9,Tulsa,2.273302061499334
9,UAB,2.2404663080104914
9,UCF,2.2404859995107755
9,UCLA,2.2266892690633755
9,UConn,2.2040111326863556
9,UL Monroe,2.202846964635273
9,UNLV,2.2466706291369247
9,USC,2.298604457820191
9,UTEP,2.3183893922557113
9,UTSA,2.3512512010350193
9,Utah,2.3782669557838814
9,Utah State,2.3777789948417407
9,Vanderbilt,2.4024528692281146
9,Virginia,2.415777467254657
9,Virginia Tech,2.4261874981669207
9,Wake Forest,2.4426591307770926
9,Washington,2.4699516159877093
9,Washington State,2.476443615138213
9,West Virginia,2.4686676887239054
9,Western Kentucky,2.4730437086578503
9,Western Michigan,2.492863540066223
9,Wisconsin,2.496558773015055
9,Wyoming,2.5000367997521247
10,Air Force,3.962351154692933
10,Akron,3.981734060609901
10,Alabama,3.999030289973182
10,App State,4.007530760705872
10,Arizona,4.035423426859393
10,Arizona State,4.009890542524914
10,Arkansas,3.9861815329333368
10,Arkansas State,3.9797522312309757
10,Army,3.950757366257868
10,Auburn,3.9093847070069607
10,BYU,3.904335630136734
10,Ball State,3.875716192309184
10,Baylor,3.8549700460677183
10,Boise State,3.8158433727794345
10,Boston College,3.7744453667621665
10,Bowling Green,3.7704211855741345
10,Buffalo,3.8142098030035783
10,California,3.8343197456277758
10,Central Michigan,3.828255168198663
10,Charlotte,3.8342341790771375
10,Cincinnati,3.8683245812053872
10,Clemson,3.91336318522361
10,Coastal Carolina,3.9891604740009527
10,Colorado,4.033454536507829
10,Colorado State,4.107846884311633
10,Delaware,4.173869963310405
10,Duke,4.271207748884755
10,East Carolina,4.339631130104254
10,Eastern Michigan,4.3725774206309165
10,Florida,4.4364580984692585
10,Florida Atlantic,4.504050151742916
10,Florida International,4.570880521537783
10,Florida State,4.6541038047175745
10,Fresno State,4.695000566935644
10,Georgia,4.711420776282758
10,Georgia Southern,4.720567751052629
10,Georgia State,4.73633180147382
10,Georgia Tech,4.761513825343886
10,Hawai'i,4.776457548778892
10,Houston,4.794559587799732
10,Illinois,4.823952255179836
10,Indiana,4.843537254709955
10,Iowa,4.818988782098762
10,Iowa State,4.813911406380523
10,Jacksonville State,4.800189086847829
10,James Madison,4.786067759132454
10,Kansas,4.7868985508096475
10,Kansas State,4.741954051292553
10,Kennesaw State,4.734994187405647
10,Kent State,4.7123344813195045
10,Kentucky,4.697821285102308
10,LSU,4.648568988148501
10,Liberty,4.624963505859426
10,Louisiana,4.55423658856145
10,Louisiana Tech,4.5123607586411945
10,Louisville,4.436803845905064
10,Marshall,4.352565413276351
10,Maryland,4.24977211285547
10,Massachusetts,4.202366635514281
10,Memphis,4.151138079026546
10,Miami,4.092482907170183
10,Miami (OH),4.031788767425927
10,Michigan,3.9578624313451285
10,Michigan State,3.885622226934486
10,Middle Tennessee,3.8015272815277186
10,Minnesota,3.7188607127083286
10,Mississippi State,3.6538297418964376
10,Missouri,3.5928988845714698
10,Missouri State,3.5206858619995995
10,NC State,3.4421239713079688
10,Navy,3.367295679892732
10,Nebraska,3.3047658623610197
10,Nevada,3.2369999731889387
10,New Mexico,3.185801033819101
10,New Mexico State,3.1058880705571066
10,North Carolina,3.070747865753146
10,North Texas,3.0132870315563904
10,Northern Illinois,2.9437388833732148
10,Northwestern,2.867665385925072
10,Notre Dame,2.7709905512764053
10,Ohio,2.684178702597382
10,Ohio State,2.5941432253525916
10,Oklahoma,2.4855831437551155
10,Oklahoma State,2.364513501709511
10,Old Dominion,2.233411021831538
10,Ole Miss,2.084170025625117
10,Oregon,1.9294722972751606
10,Oregon State,1.7922451783123219
10,Penn State,1.6354115729965002
10,Pittsburgh,1.5190335867343707
10,Purdue,1.3712129166903921
10,Rice,1.231547300228486
10,Rutgers,1.0924300309089645
10,SMU,0.9571889285260752
10,Sam Houston,0.8464861125303964
10,San Diego State,0.7675583020941299
10,San José State,0.6873875011183233
10,South Alabama,0.5935725107237989
10,South Carolina,0.4727888038129232
10,South Florida,0.3951375024063381
10,Southern Miss,0.3185392388005395
10,Stanford,0.2426382689093916
10,Syracuse,0.18395731882156582
10,TCU,0.1335344556304049
10,Temple,0.09262519929858459
10,Tennessee,0.07308021225686165
10,Texas,0.03822759290083126
10,Texas A&M,0.03618788918641472
10,Texas State,0.031395174469766626
10,Texas Tech,0.030919245865685174
10,Toledo,-0.0017577909164022433
10,Troy,-0.014230933145479003
10,Tulane,-0.025846958903609614
10,Tulsa,0.00050605490057856
10,UAB,0.0199411123658874
10,UCF,0.034078043147139095
10,UCLA,0.08831012286483844
10,UConn,0.10308984772690087
10,UL Monroe,0.12152354648702782
10,UNLV,0.1545794754024549
10,USC,0.21335907033108642
10,UTEP,0.2848844569102943
10,UTSA,0.30898265103121664
10,Utah,0.3664877619968047
10,Utah State,0.37484777557673993
10,Vanderbilt,0.3920744587386709
10,Virginia,0.43104171142579034
10,Virginia Tech,0.4155455169800809
10,Wake Forest,0.4344100272766807
10,Washington,0.46007420870198806
10,Washington State,0.49520426518988464
10,West Virginia,0.514877756822742
10,Western Kentucky,0.5247732958562945
10,Western Michigan,0.5192323049514574
10,Wisconsin,0.5084305973611557
10,Wyoming,0.49938113938722273
11,Air Force,3.6496676103248062
11,Akron,3.652670342656889
11,Alabama,3.6055112285438184
11,App State,3.557702235724035
11,Arizona,3.5275728233851082
11,Arizona State,3.4888066010729584
11,Arkansas,3.45853986279644
11,Arkansas State,3.431772184554998
11,Army,3.421348873579161
11,Auburn,3.3928982336898117
11,BYU,3.3748640147100994
11,Ball State,3.3585980390472083
11,Baylor,3.360115272624708
11,Boise State,3.375487483935611
11,Boston College,3.3636974904422186
11,Bowling Green,3.413555644058352
11,Buffalo,3.452183108953704
11,California,3.4849351444723475
11,Central Michigan,3.4904882852986767
11,Charlotte,3.5062241873863886
11,Cincinnati,3.5217202384530473
11,Clemson,3.5727222836870447
11,Coastal Carolina,3.6118247305198996
11,Colorado,3.6114592079147667
11,Colorado State,3.6374106721845796
11,Delaware,3.684382491622136
11,Duke,3.754300295656927
11,East Carolina,3.800094976277614
11,Eastern Michigan,3.8276337305809003
11,Florida,3.8634620125101296
11,Florida Atlantic,3.91622675500443
11,Florida International,3.9560576091885578
11,Florida State,3.9710754050526558
11,Fresno State,4.0052192039039625
11,Georgia,4.029498647511793
11,Georgia Southern,4.023321076889534
11,Georgia State,4.037323690626831
11,Georgia Tech,4.040146760504745
11,Hawai'i,4.055235531286884
11,Houston,4.031897901828726
11,Illinois,3.9908173357907937
11,Indiana,3.9706369838429088
11,Iowa,3.9448480428675126
11,Iowa State,3.9096541692868625
11,Jacksonville State,3.8701325947438416
11,James Madison,3.8278728890507154
11,Kansas,3.761975848573229
11,Kansas State,3.7179428266683527
11,Kennesaw State,3.6550263564475487
11,Kent State,3.5763579450014915
11,Kentucky,3.498182742322856
11,LSU,3.4134054324246796
11,Liberty,3.3219076025428267
11,Louisiana,3.233353605298765
11,Louisiana Tech,3.1499600491431408
11,Louisville,3.0758617458334623
11,Marshall,2.992571715208591
11,Maryland,2.9097328963325606
11,Massachusetts,2.847129679259317
11,Memphis,2.839331976643505
11,Miami,2.796115920646215
11,Miami (OH),2.7556765057174926
11,Michigan,2.716523591718106
11,Michigan State,2.6688382155455894
11,Middle Tennessee,2.6186540119442765
11,Minnesota,2.5983736198828877
11,Mississippi State,2.592911103302864
11,Missouri,2.5834636043531933
11,Missouri State,2.608221738940514
11,NC State,2.624515901498106
11,Navy,2.654980524581351
11,Nebraska,2.7024277426033962
11,Nevada,2.7381148149621013
11,New Mexico,2.8179840852457754
11,New Mexico State,2.8735098657947264
11,North Carolina,2.9348929700689186
11,North Texas,2.991869168203398
11,Northern Illinois,3.0533413477048468
11,Northwestern,3.1331434868175116
11,Notre Dame,3.2500262868352374
11,Ohio,3.314664946029679
11,Ohio State,3.3910806863171756
11,Oklahoma,3.423201452810556
11,Oklahoma State,3.4722817085721895
11,Old Dominion,3.4942665135801887
11,Ole Miss,3.5288770305982884
11,Oregon,3.5649320813945606
11,Oregon State,3.622815617886609
11,Penn State,3.68284847705918
11,Pittsburgh,3.7477981309942745
11,Purdue,3.802440544169146
11,Rice,3.8975914833572354
11,Rutgers,3.9883615795161718
11,SMU,4.061224048976839
11,Sam Houston,4.110718980561151
11,San Diego State,4.128918336952034
11,San José State,4.177261495451856
11,South Alabama,4.237618444210363
11,South Carolina,4.314650102036108
11,South Florida,4.394263169270991
11,Southern Miss,4.452171555957568
11,Stanford,4.4970517782338275
11,Syracuse,4.525652170819025
11,TCU,4.552499594008109
11,Temple,4.637244498761439
11,Tennessee,4.701955151026201
11,Texas,4.762618433435776
11,Texas A&M,4.821312707422727
11,Texas State,4.880345238712313
11,Texas Tech,4.917306232507742
11,Toledo,4.96517031042535
11,Troy,4.971727643667893
11,Tulane,4.96799896890683
11,Tulsa,4.966107053779968
11,UAB,4.960678983968306
11,UCF,5.0055125055557115
11,UCLA,5.0264033688193175
11,UConn,5.074705777828358
11,UL Monroe,5.086708516893337
11,UNLV,5.13895307444355
11,USC,5.131547513270616
11,UTEP,5.118934736855345
11,UTSA,5.116941245704844
11,Utah,5.128366246368831
11,Utah State,5.165000674067156
11,Vanderbilt,5.157260780839719
11,Virginia,5.160001081515926
11,Virginia Tech,5.166580800436916
11,Wake Forest,5.173588674209571
11,Washington,5.171074798094631
11,Washington State,5.15233190840095
11,West Virginia,5.140378104806499
11,Western Kentucky,5.143232457544054
11,Western Michigan,5.145494791417675
11,Wisconsin,5.158013721886454
11,Wyoming,5.175906732310048
12,Air Force,6.579413229123711
12,Akron,6.59293073943759
12,Alabama,6.604152155305766
12,App State,6.610748844413091
12,Arizona,6.686654427898769
12,Arizona State,6.7124005203510215
12,Arkansas,6.74755474777942
12,Arkansas State,6.8035645572726215
12,Army,6.8434232222069955
12,Auburn,6.888480375147414
12,BYU,6.9373270525146635
12,Ball State,6.922157190546555
12,Baylor,6.961749547487413
12,Boise State,7.016215547126987
12,Boston College,7.0693186599810955
12,Bowling Green,7.135945320336021
12,Buffalo,7.2046152556840015
12,California,7.26968811336881
12,Central Michigan,7.3390310358044175
12,Charlotte,7.40818494066446
12,Cincinnati,7.48407154384877
12,Clemson,7.5919774844590595
12,Coastal Carolina,7.6983445061688025
12,Colorado,7.7822952182865315
12,Colorado State,7.862308205336307
12,Delaware,7.958718432825521
12,Duke,8.056883154469032
12,East Carolina,8.17082109205837
12,Eastern Michigan,8.267912878591979
12,Florida,8.35960680432372
12,Florida Atlantic,8.450508273610023
12,Florida International,8.542370646583093
12,Florida State,8.630697601007352
12,Fresno State,8.703688114229745
12,Georgia,8.763891361059272
12,Georgia Southern,8.80227839596131
12,Georgia State,8.834475117309601
12,Georgia Tech,8.880801581963018
12,Hawai'i,8.93442504726064
12,Houston,8.982522197482968
12,Illinois,9.014677668297864
12,Indiana,9.054600124802725
12,Iowa,9.074468990049542
12,Iowa State,9.106898633954902
12,Jacksonville State,9.132526734749538
12,James Madison,9.124598940468003
12,Kansas,9.107558987705886
12,Kansas State,9.073338988676277
12,Kennesaw State,9.041750684874861
12,Kent State,9.018564563892744
12,Kentucky,8.957543390778152
12,LSU,8.916149743991586
12,Liberty,8.878900354716283
12,Louisiana,8.853140538592251
12,Louisiana Tech,8.821439780760278
12,Louisville,8.807809320318539
12,Marshall,8.809712185245631
12,Maryland,8.782021560045596
12,Massachusetts,8.782331953759961
12,Memphis,8.825726276465776
12,Miami,8.85591265298671
12,Miami (OH),8.874098315025906
12,Michigan,8.899958859874776
12,Michigan State,8.934214042079862
12,Middle Tennessee,8.962636886473485
12,Minnesota,9.009462645448313
12,Mississippi State,9.091958496396
12,Missouri,9.207866250267127
12,Missouri State,9.288942428922507
12,NC State,9.33671879664727
12,Navy,9.41726406954511
12,Nebraska,9.509773980646347
12,Nevada,9.598888091660783
12,New Mexico,9.639609129756895
12,New Mexico State,9.695187245123652
12,North Carolina,9.758842282126636
12,North Texas,9.85681857367579
12,Northern Illinois,9.938374972046073
12,Northwestern,9.964675723713107
12,Notre Dame,10.010904531001852
12,Ohio,10.009154642498649
12,Ohio State,10.007333918571927
12,Oklahoma,9.960555210788385
12,Oklahoma State,9.941051964154624
12,Old Dominion,9.947332563379447
12,Ole Miss,9.898349540582004
12,Oregon,9.85243284624392
12,Oregon State,9.7993925280567
12,Penn State,9.746647210261568
12,Pittsburgh,9.678775453069424
12,Purdue,9.626983876553112
12,Rice,9.593214335940218
12,Rutgers,9.592522329782277
12,SMU,9.555398935836482
12,Sam Houston,9.515672879485564
12,San Diego State,9.505658152335577
12,San José State,9.469983134796152
12,South Alabama,9.496954903598661
12,South Carolina,9.49495393983139
12,South Florida,9.49606915971644
12,Southern Miss,9.505682605168484
12,Stanford,9.517406326865228
12,Syracuse,9.53751621751627
12,TCU,9.560172211468549
12,Temple,9.604211365795084
12,Tennessee,9.647862820098627
12,Texas,9.657171699459559
12,Texas A&M,9.691715662596305
12,Texas State,9.703150779548361
12,Texas Tech,9.721576829775557
12,Toledo,9.726912815706594
12,Troy,9.676270928416622
12,Tulane,9.666782035112856
12,Tulsa,9.66042888368281
12,UAB,9.608719747102347
12,UCF,9.565980539176579
12,UCLA,9.598709748003687
12,UConn,9.642470893615556
12,UL Monroe,9.711841142369686
12,UNLV,9.775482943810053
12,USC,9.874779179972368
12,UTEP,9.95919800174184
12,UTSA,10.04131392550657
12,Utah,10.114766988722511
12,Utah State,10.1441821812663
12,Vanderbilt,10.148543944783425
12,Virginia,10.191496817652368
12,Virginia Tech,10.184323294956938
12,Wake Forest,10.230415821362115
12,Washington,10.239924312572636
12,Washington State,10.222900389040499
12,West Virginia,10.186823678945606
12,Western Kentucky,10.153281988722783
12,Western Michigan,10.141391948091865
12,Wisconsin,10.108519689935052
12,Wyoming,10.09968637989341
13,Air Force,2.0463192564665063
13,Akron,2.048580993365881
13,Alabama,2.035969351176209
13,App State,2.061291473144132
13,Arizona,2.088167809480589
13,Arizona State,2.0849379002240247
13,Arkansas,2.02259507112907
13,Arkansas State,1.9974426273389363
13,Army,1.9809693529697066
13,Auburn,1.9516467654632654
13,BYU,1.9120582185929145
13,Ball State,1.8636745821344212
13,Baylor,1.837776361188056
13,Boise State,1.822856418134873
13,Boston College,1.8007532965358548
13,Bowling Green,1.7457507977480136
13,Buffalo,1.709112314501189
13,California,1.7061730338609367
13,Central Michigan,1.716986428149275
13,Charlotte,1.6784411486686168
13,Cincinnati,1.6738038607756316
13,Clemson,1.6739073378946954
13,Coastal Carolina,1.704044789354586
13,Colorado,1.7326622871044455
13,Colorado State,1.782202710138224
13,Delaware,1.8525812239744637
13,Duke,1.97282972059004
13,East Carolina,2.0756963271720683
13,Eastern Michigan,2.2382923118218794
13,Florida,2.335804179036077
13,Florida Atlantic,2.465568184588304
13,Florida International,2.563162189566679
13,Florida State,2.67616064068742
13,Fresno State,2.8007669173519694
13,Georgia,2.908844823126463
13,Georgia Southern,3.011546326080636
13,Georgia State,3.128120998839955
13,Georgia Tech,3.2608687301008703
13,Hawai'i,3.3917525902457832
13,Houston,3.5253745697482652
13,Illinois,3.705204044484688
13,Indiana,3.8601786516178267
13,Iowa,3.996620556531303
13,Iowa State,4.157255270403727
13,Jacksonville State,4.30130102165773
13,James Madison,4.440934698017671
13,Kansas,4.584634808933445
13,Kansas State,4.755787311561671
13,Kennesaw State,4.883204267187961
13,Kent State,5.027015922686695
13,Kentucky,5.20328436096569
13,LSU,5.356997392769845
13,Liberty,5.5182577110372515
13,Louisiana,5.679408876518608
13,Louisiana Tech,5.838153840807518
13,Louisville,6.022058000488361
13,Marshall,6.196486883979187
13,Maryland,6.384681697922438
13,Massachusetts,6.597426390079286
13,Memphis,6.819862229439786
13,Miami,7.045643370633345
13,Miami (OH),7.246153689787774
13,Michigan,7.414416107054928
13,Michigan State,7.561641916886314
13,Middle Tennessee,7.746552821731813
13,Minnesota,7.89670446598317
13,Mississippi State,8.063275206045784
13,Missouri,8.211513609732016
13,Missouri State,8.363063007775887
13,NC State,8.549849679520968
13,Navy,8.696428861686337
13,Nebraska,8.880316473017697
13,Nevada,9.067325986581759
13,New Mexico,9.245418112893352
13,New Mexico State,9.395463111424153
13,North Carolina,9.530364704778211
13,North Texas,9.719089435120692
13,Northern Illinois,9.836085082721901
13,Northwestern,9.980889879065867
13,Notre Dame,10.148739507779823
13,Ohio,10.240952974706133
13,Ohio State,10.321208472980496
13,Oklahoma,10.386115578810083
13,Oklahoma State,10.437033725115963
13,Old Dominion,10.522248103290519
13,Ole Miss,10.545984487646262
13,Oregon,10.564779339813
13,Oregon State,10.572918939083905
13,Penn State,10.578310733556538
13,Pittsburgh,10.569374929118705
13,Purdue,10.54898443438663
13,Rice,10.555732861128396
13,Rutgers,10.593891508644669
13,SMU,10.628022590786067
13,Sam Houston,10.644042918217258
13,San Diego State,10.68039160074126
13,San José State,10.713372878070052
13,South Alabama,10.744344603036257
13,South Carolina,10.786525818002428
13,South Florida,10.773309828920507
13,Southern Miss,10.757097836570804
13,Stanford,10.700387892367848
13,Syracuse,10.647694391043798
13,TCU,10.654845674516595
13,Temple,10.684170147154434
13,Tennessee,10.719565301757983
13,Texas,10.738775413813416
13,Texas A&M,10.763066698622229
13,Texas State,10.798987262549169
13,Texas Tech,10.815263317491961
13,Toledo,10.85119308111877
13,Troy,10.87224574210221
13,Tulane,10.865523017785518
13,Tulsa,10.842265673575918
13,UAB,10.827029772129391
13,UCF,10.82426501023081
13,UCLA,10.820824140519084
13,UConn,10.853048464818482
13,UL Monroe,10.898856071333373
13,UNLV,10.96313224572719
13,USC,11.004783005606424
13,UTEP,11.059585074260639
13,UTSA,11.091677954185228
13,Utah,11.138546065675085
13,Utah State,11.211025730708947
13,Vanderbilt,11.256350005063073
13,Virginia,11.303299183429425
13,Virginia Tech,11.316040026950565
13,Wake Forest,11.362530875831045
13,Washington,11.404568439021386
13,Washington State,11.40080691456741
13,West Virginia,11.407310708225353
13,Western Kentucky,11.432447757649529
13,Western Michigan,11.438693964249232
13,Wisconsin,11.43467480538463
13,Wyoming,11.419891602867438
