season,week,game_id,game_date,home_team,away_team,neutral_site,sportsbook,home_team_spread_line,total_line,model_spread,model_total,edge_spread,edge_total,bet_spread,bet_total,home_games_played,away_games_played,bet_units,pick_win,model_pick_team,model_pick_str,home_points,away_points,home_team_result,cover_side,cover_team,cover_str
2024,6,401636891,2024-10-04 19:30:00-04:00,TCU,Houston,False,DraftKings,-16.5,52.0,5.4380023130210695,63.72943375099367,11.06199768697893,11.729433750993673,away,over,4.0,5.0,1.0,1,,,,,,,,
2024,6,401628510,2024-10-05 12:00:00-04:00,Penn State,UCLA,False,DraftKings,-30.0,48.0,20.419207701152978,54.39964020122204,9.580792298847022,6.3996402012220415,away,none,4.0,4.0,1.0,1,,,,,,,,
2024,6,401628382,2024-10-05 15:30:00-04:00,South Carolina,Ole Miss,False,DraftKings,10.0,53.0,-14.868612679132475,53.106817032283175,4.868612679132477,0.1068170322831747,away,none,4.0,4.0,1.0,1,,,,,,,,
2024,6,401629033,2024-10-05 15:30:00-04:00,UConn,Temple,False,DraftKings,-17.5,49.0,6.949712560193296,53.20052292385265,10.550287439806704,4.2005229238526525,away,none,4.0,5.0,1.0,1,,,,,,,,
2024,6,401645340,2024-10-05 15:30:00-04:00,Charlotte,East Carolina,False,DraftKings,9.5,47.5,-1.352381845012372,61.27119191583933,8.147618154987628,13.771191915839324,home,over,4.0,4.0,1.0,1,,,,,,,,
2024,6,401635569,2024-10-05 19:00:00-04:00,Florida State,Clemson,False,DraftKings,16.5,47.0,-11.018642507077477,62.81117984136924,5.481357492922525,15.811179841369238,home,over,5.0,4.0,1.0,1,,,,,,,,
2024,6,401628507,2024-10-05 19:30:00-04:00,Minnesota,USC,False,DraftKings,8.5,45.5,1.979734399001413,52.71943129279428,10.479734399001414,7.219431292794283,home,none,4.0,4.0,1.0,1,,,,,,,,
2024,6,401628505,2024-10-05 19:30:00-04:00,Washington,Michigan,False,DraftKings,-1.5,39.5,9.860844596603204,50.94978994473369,8.360844596603204,11.449789944733688,home,over,4.0,5.0,1.0,1,,,,,,,,
2024,6,401636888,2024-10-05 20:00:00-04:00,Arizona State,Kansas,False,DraftKings,-2.5,50.0,8.413684982140195,48.97055958730037,5.913684982140195,1.0294404126996284,home,none,4.0,4.0,1.0,1,,,,,,,,
2024,7,401641002,2024-10-09 19:30:00-04:00,Jacksonville State,New Mexico State,False,DraftKings,-21.0,58.5,15.16823678017271,51.49078191569716,5.831763219827289,7.009218084302837,away,none,5.0,4.0,1.0,0,,,,,,,,
2024,7,401643733,2024-10-11 21:00:00-04:00,Utah State,UNLV,False,DraftKings,19.0,67.5,-7.7259315202517715,57.50969241030785,11.274068479748228,9.99030758969215,home,under,4.0,4.0,1.0,1,,,,,,,,
2024,7,401636892,2024-10-11 22:30:00-04:00,Arizona State,Utah,False,DraftKings,6.0,46.5,7.129458451921668,55.417384913423504,13.129458451921668,8.917384913423504,home,over,5.0,4.0,1.0,1,,,,,,,,
2024,7,401635576,2024-10-12 12:00:00-04:00,Wake Forest,Clemson,False,DraftKings,21.0,63.0,-6.95535968667477,61.75354048845093,14.04464031332523,1.2464595115490695,home,none,4.0,5.0,1.0,0,,,,,,,,
2024,7,401645342,2024-10-12 12:00:00-04:00,Army,UAB,False,DraftKings,-27.0,55.5,13.962742206214882,56.47334807302588,13.037257793785118,0.973348073025882,away,none,4.0,4.0,1.0,0,,,,,,,,
2024,7,401628385,2024-10-12 12:00:00-04:00,Alabama,South Carolina,False,DraftKings,-21.0,50.0,8.859152032352497,55.60129207970124,12.140847967647504,5.601292079701238,away,none,5.0,5.0,1.0,1,,,,,,,,
2024,7,401628517,2024-10-12 12:00:00-04:00,Rutgers,Wisconsin,False,Bovada,-1.0,43.5,14.495697911085768,53.67441393879316,13.495697911085768,10.174413938793158,home,over,4.0,4.0,1.0,0,,,,,,,,
2024,7,401644745,2024-10-12 12:00:00-04:00,Buffalo,Toledo,False,DraftKings,10.5,44.5,-1.9989720663497883,48.190262631803535,8.501027933650212,3.690262631803536,home,none,4.0,4.0,1.0,1,,,,,,,,
2024,7,401628389,2024-10-12 12:00:00-04:00,Massachusetts,Missouri,False,DraftKings,27.0,54.0,-12.84110499070398,53.37641742289835,14.15889500929602,0.6235825771016508,home,none,5.0,4.0,1.0,0,,,,,,,,
2024,7,401635577,2024-10-12 12:00:00-04:00,North Carolina,Georgia Tech,False,DraftKings,3.5,60.5,2.2538338137097127,61.1345903383117,5.753833813709713,0.6345903383117033,home,none,5.0,5.0,1.0,0,,,,,,,,
2024,7,401644685,2024-10-12 14:00:00-04:00,Eastern Michigan,Miami (OH),False,DraftKings,3.0,45.5,-7.254915907767243,55.23645609007314,4.254915907767243,9.73645609007314,away,over,4.0,5.0,1.0,1,,,,,,,,
2024,7,401645341,2024-10-12 15:30:00-04:00,South Florida,Memphis,True,DraftKings,10.0,61.0,7.651735261099075,54.5158224973471,17.651735261099077,6.484177502652898,home,none,4.0,4.0,1.0,0,,,,,,,,
2024,7,401636895,2024-10-12 15:30:00-04:00,UCF,Cincinnati,False,DraftKings,-2.0,58.0,6.186741935279102,58.82864622099439,4.186741935279102,0.8286462209943863,home,none,4.0,4.0,1.0,0,,,,,,,,
2024,7,401644742,2024-10-12 15:30:00-04:00,Western Michigan,Akron,False,DraftKings,-9.5,48.5,-10.02507636540221,48.2650800643256,19.52507636540221,0.234919935674398,away,none,4.0,5.0,1.0,0,,,,,,,,
2024,7,401628390,2024-10-12 15:30:00-04:00,Oklahoma,Texas,True,ESPN Bet,16.5,48.5,-2.988433438091298,50.74191738751682,13.5115665619087,2.241917387516821,home,none,5.0,5.0,1.0,0,,,,,,,,
2024,7,401644744,2024-10-12 15:30:00-04:00,Bowling Green,Northern Illinois,False,DraftKings,-3.0,46.5,-4.748712854574031,54.971427389955856,7.7487128545740305,8.471427389955856,away,over,4.0,4.0,1.0,1,,,,,,,,
2024,7,401628516,2024-10-12 15:30:00-04:00,USC,Penn State,False,ESPN Bet,3.5,51.5,-14.544118548065994,55.22453829856714,11.044118548065994,3.72453829856714,away,none,5.0,5.0,1.0,0,,,,,,,,
2024,7,401635578,2024-10-12 15:30:00-04:00,Virginia,Louisville,False,DraftKings,7.0,54.0,0.4898286664441995,54.48613269202088,7.489828666444199,0.486132692020881,home,none,4.0,4.0,1.0,1,,,,,,,,
2024,7,401643729,2024-10-12 15:30:00-04:00,Colorado State,San José State,False,DraftKings,-2.5,55.5,-10.318281264565012,53.98979719565657,12.818281264565012,1.5102028043434288,away,none,4.0,4.0,1.0,0,,,,,,,,
2024,7,401636893,2024-10-12 16:00:00-04:00,BYU,Arizona,False,DraftKings,-3.0,48.5,13.057310798060511,54.447318193983065,10.057310798060511,5.947318193983065,home,none,4.0,4.0,1.0,1,,,,,,,,
2024,7,401628386,2024-10-12 16:15:00-04:00,Georgia,Mississippi State,False,DraftKings,-34.0,53.5,13.129058317295344,61.11812608652915,20.87094168270465,7.618126086529152,away,over,4.0,4.0,1.0,1,,,,,,,,
2024,7,401643730,2024-10-12 19:00:00-04:00,Fresno State,Washington State,False,DraftKings,3.5,60.5,7.59483342509705,56.7318883499253,11.09483342509705,3.768111650074701,home,none,4.0,4.0,1.0,0,,,,,,,,
2024,7,401643808,2024-10-12 19:00:00-04:00,Texas State,Arkansas State,False,DraftKings,-13.5,66.0,9.566691601315371,59.2113998664922,3.9333083986846287,6.788600133507799,away,none,4.0,4.0,1.0,0,,,,,,,,
2024,7,401643727,2024-10-12 19:00:00-04:00,New Mexico,Air Force,False,DraftKings,-7.0,56.0,3.044438142791228,57.63994700958352,3.955561857208772,1.6399470095835156,away,none,4.0,4.0,1.0,0,,,,,,,,
2024,7,401645344,2024-10-12 19:00:00-04:00,Rice,UTSA,False,DraftKings,3.5,51.0,5.68458979359457,48.723353034914965,9.18458979359457,2.2766469650850354,home,none,4.0,4.0,1.0,1,,,,,,,,
2024,7,401645343,2024-10-12 19:00:00-04:00,Florida Atlantic,North Texas,False,DraftKings,5.5,58.5,7.122658202398103,59.21390073461365,12.622658202398105,0.7139007346136523,home,none,4.0,4.0,1.0,1,,,,,,,,
2024,7,401643731,2024-10-12 19:30:00-04:00,Nevada,Oregon State,False,DraftKings,3.0,47.0,10.57833017884315,56.00757127170324,13.57833017884315,9.007571271703242,home,over,5.0,4.0,1.0,1,,,,,,,,
2024,7,401643806,2024-10-12 19:30:00-04:00,Louisiana,App State,False,DraftKings,-10.0,64.0,5.812526062627832,62.56324047316063,4.187473937372168,1.4367595268393742,away,none,4.0,4.0,1.0,0,,,,,,,,
2024,7,401628515,2024-10-12 19:30:00-04:00,Oregon,Ohio State,False,ESPN Bet,3.5,54.5,5.988220487863337,61.09521007220158,9.488220487863336,6.595210072201581,home,none,4.0,5.0,1.0,1,,,,,,,,
2024,7,401628387,2024-10-12 19:45:00-04:00,Kentucky,Vanderbilt,False,DraftKings,-12.5,44.5,6.51580997136556,53.67764147585851,5.9841900286344405,9.177641475858508,away,over,5.0,4.0,1.0,1,,,,,,,,
2024,7,401636896,2024-10-12 20:00:00-04:00,West Virginia,Iowa State,False,DraftKings,3.0,54.0,-7.367378422510818,57.15153748472648,4.367378422510818,3.151537484726475,away,none,4.0,4.0,1.0,1,,,,,,,,
2024,7,401643804,2024-10-12 20:00:00-04:00,Georgia Southern,Marshall,False,DraftKings,-1.0,58.5,10.546100720717195,55.67023553143128,9.546100720717195,2.829764468568726,home,none,4.0,4.0,1.0,0,,,,,,,,
2024,7,401628514,2024-10-12 21:00:00-04:00,UCLA,Minnesota,False,DraftKings,3.5,39.0,0.578927093831632,54.74270867419995,4.078927093831632,15.742708674199951,home,over,5.0,5.0,1.0,0,,,,,,,,
2024,7,401636894,2024-10-12 22:15:00-04:00,Colorado,Kansas State,False,ESPN Bet,3.5,54.5,4.943834048716653,52.60731314419069,8.443834048716653,1.892686855809309,home,none,4.0,4.0,1.0,1,,,,,,,,
2024,8,401643809,2024-10-15 19:30:00-04:00,South Alabama,Troy,False,DraftKings,-10.0,53.0,14.065119520572887,59.38071895866504,4.065119520572889,6.380718958665042,home,none,5.0,5.0,1.0,1,,,,,,,,
2024,8,401641019,2024-10-15 20:00:00-04:00,Middle Tennessee,Kennesaw State,False,DraftKings,-8.5,50.0,0.6005158605477847,55.74966986915387,7.899484139452215,5.74966986915387,away,none,5.0,4.0,1.0,0,,,,,,,,
2024,8,401641010,2024-10-15 21:00:00-04:00,New Mexico State,Louisiana Tech,False,DraftKings,12.5,49.0,-3.884237264324986,50.7058311575348,8.615762735675014,1.7058311575348029,home,none,5.0,4.0,1.0,1,,,,,,,,
2024,8,401634768,2024-10-17 19:30:00-04:00,Virginia Tech,Boston College,False,DraftKings,-8.5,47.5,3.9352873455700057,52.94215730878784,4.564712654429995,5.442157308787834,away,none,6.0,5.0,1.0,0,,,,,,,,
2024,8,401634769,2024-10-18 19:00:00-04:00,Duke,Florida State,False,DraftKings,-2.5,43.0,12.226812774096771,52.44684283680697,9.726812774096771,9.446842836806972,home,over,5.0,6.0,1.0,1,,,,,,,,
2024,8,401628523,2024-10-18 20:00:00-04:00,Purdue,Oregon,False,DraftKings,30.0,61.0,-25.52412287714297,55.35278527172098,4.475877122857028,5.6472147282790175,home,none,5.0,5.0,1.0,0,,,,,,,,
2024,8,401643811,2024-10-19 12:00:00-04:00,Coastal Carolina,Louisiana,False,DraftKings,6.0,57.0,5.994357229204091,60.60264974776504,11.994357229204091,3.6026497477650423,home,none,5.0,5.0,1.0,0,,,,,,,,
2024,8,401628519,2024-10-19 12:00:00-04:00,Indiana,Nebraska,False,DraftKings,-6.5,48.0,13.212313345227942,58.40904098044525,6.712313345227942,10.409040980445248,home,over,5.0,5.0,1.0,1,,,,,,,,
2024,8,401635588,2024-10-19 12:00:00-04:00,Clemson,Virginia,False,DraftKings,-20.0,57.5,0.2249547148699182,52.81957544578386,19.775045285130084,4.680424554216138,away,none,6.0,5.0,1.0,1,,,,,,,,
2024,8,401628522,2024-10-19 12:00:00-04:00,Northwestern,Wisconsin,True,DraftKings,9.5,42.5,-5.85449035656274,47.765130104878025,3.64550964343726,5.2651301048780255,home,none,5.0,5.0,1.0,0,,,,,,,,
2024,8,401628395,2024-10-19 12:00:00-04:00,Missouri,Auburn,False,DraftKings,-3.5,49.5,-0.2380102563752659,55.079837458770974,3.738010256375266,5.579837458770975,away,none,5.0,5.0,1.0,0,,,,,,,,
2024,8,401628524,2024-10-19 12:00:00-04:00,Rutgers,UCLA,False,Bovada,-4.0,42.5,-0.8301698422818828,53.50217138101825,4.830169842281883,11.00217138101825,away,over,5.0,6.0,1.0,1,,,,,,,,
2024,8,401645346,2024-10-19 12:00:00-04:00,Army,East Carolina,False,DraftKings,-17.5,54.0,24.039098387295983,55.00772907050207,6.5390983872959865,1.0077290705020658,home,none,5.0,5.0,1.0,0,,,,,,,,
2024,8,401629034,2024-10-19 12:00:00-04:00,UConn,Wake Forest,False,DraftKings,2.5,55.5,12.85180656920539,59.87462662400687,15.35180656920539,4.374626624006865,home,none,5.0,5.0,1.0,0,,,,,,,,
2024,8,401636899,2024-10-19 12:00:00-04:00,Cincinnati,Arizona State,False,DraftKings,-5.5,51.0,0.9704186374270654,58.298825585900886,4.529581362572935,7.298825585900886,away,none,5.0,6.0,1.0,0,,,,,,,,
2024,8,401644750,2024-10-19 14:00:00-04:00,Eastern Michigan,Central Michigan,False,DraftKings,-3.5,52.5,-0.1087487814891736,57.05389301440939,3.6087487814891737,4.55389301440939,away,none,5.0,5.0,1.0,0,,,,,,,,
2024,8,401645350,2024-10-19 15:30:00-04:00,Tulane,Rice,False,DraftKings,-21.5,53.5,16.526545572530928,56.53575373514453,4.973454427469072,3.035753735144532,away,none,5.0,5.0,1.0,1,,,,,,,,
2024,8,401644748,2024-10-19 15:30:00-04:00,Bowling Green,Kent State,False,DraftKings,-24.0,54.5,28.776081401328405,56.46696232818021,4.776081401328405,1.9669623281802089,home,none,5.0,5.0,1.0,0,,,,,,,,
2024,8,401644686,2024-10-19 15:30:00-04:00,Miami (OH),Ohio,False,DraftKings,-3.5,43.5,-0.7230821367086373,53.93275865899163,4.223082136708637,10.43275865899163,away,over,6.0,5.0,1.0,0,,,,,,,,
2024,8,401645347,2024-10-19 15:30:00-04:00,Navy,Charlotte,False,DraftKings,-16.5,57.5,22.987473344591137,64.41568409485421,6.4874733445911374,6.915684094854214,home,none,4.0,5.0,1.0,1,,,,,,,,
2024,8,401644751,2024-10-19 15:30:00-04:00,Northern Illinois,Toledo,False,DraftKings,-3.0,42.5,7.992512771434713,49.85432820961675,4.992512771434713,7.354328209616753,home,none,5.0,5.0,1.0,0,,,,,,,,
2024,8,401643736,2024-10-19 15:30:00-04:00,Washington State,Hawai'i,False,DraftKings,-18.5,55.5,12.690890396327411,57.51589238300935,5.809109603672589,2.015892383009352,away,none,5.0,4.0,1.0,0,,,,,,,,
2024,8,401645345,2024-10-19 15:30:00-04:00,South Florida,UAB,False,DraftKings,-14.0,55.5,-4.33572125602658,54.456152325099,18.33572125602658,1.0438476749010022,away,none,5.0,5.0,1.0,1,,,,,,,,
2024,8,401643813,2024-10-19 15:30:00-04:00,Old Dominion,Texas State,False,DraftKings,10.5,60.0,-1.722907982520434,56.08867654296874,8.777092017479566,3.9113234570312585,home,none,6.0,5.0,1.0,1,,,,,,,,
2024,8,401645348,2024-10-19 15:30:00-04:00,UTSA,Florida Atlantic,False,DraftKings,-4.0,52.5,-14.410561778387263,52.62207631591836,18.41056177838726,0.1220763159183633,away,none,5.0,5.0,1.0,0,,,,,,,,
2024,8,401628982,2024-10-19 15:30:00-04:00,Georgia Tech,Notre Dame,True,DraftKings,14.0,49.5,-0.8498507060046295,52.69145168140992,13.150149293995373,3.191451681409916,home,none,6.0,6.0,1.0,0,,,,,,,,
2024,8,401628397,2024-10-19 15:30:00-04:00,Tennessee,Alabama,False,DraftKings,3.5,57.5,0.4874669693590774,53.7126154379616,3.987466969359077,3.7873845620383975,home,none,5.0,6.0,1.0,1,,,,,,,,
2024,8,401644749,2024-10-19 15:30:00-04:00,Buffalo,Western Michigan,False,DraftKings,1.0,49.5,4.067235119082556,52.876624253638944,5.067235119082556,3.376624253638944,home,none,5.0,5.0,1.0,0,,,,,,,,
2024,8,401636901,2024-10-19 15:30:00-04:00,Kansas,Houston,True,DraftKings,-4.5,45.5,8.386416691111739,50.431908653846165,3.886416691111739,4.931908653846165,home,none,5.0,6.0,1.0,1,,,,,,,,
2024,8,401636897,2024-10-19 16:00:00-04:00,Arizona,Colorado,False,DraftKings,-2.5,57.5,-1.345387197588951,53.13062486721562,3.845387197588951,4.369375132784377,away,none,5.0,5.0,1.0,1,,,,,,,,
2024,8,401643812,2024-10-19 16:00:00-04:00,Georgia Southern,James Madison,False,DraftKings,9.5,58.5,-14.593325807292285,56.86710819387744,5.093325807292285,1.632891806122565,away,none,5.0,5.0,1.0,0,,,,,,,,
2024,8,401643737,2024-10-19 16:00:00-04:00,Utah State,New Mexico,False,DraftKings,1.0,78.5,5.893540579762631,67.51187849493152,6.893540579762631,10.988121505068476,home,under,5.0,5.0,1.0,0,,,,,,,,
2024,8,401628394,2024-10-19 16:15:00-04:00,Mississippi State,Texas A&M,False,DraftKings,21.0,55.5,-4.048545844306684,55.72258015880173,16.951454155693316,0.2225801588017333,home,none,5.0,5.0,1.0,1,,,,,,,,
2024,8,401628398,2024-10-19 19:30:00-04:00,Texas,Georgia,False,DraftKings,-4.0,57.0,16.039919848984226,58.341082495651726,12.039919848984226,1.341082495651726,home,none,6.0,5.0,1.0,0,,,,,,,,
2024,8,401628520,2024-10-19 19:30:00-04:00,Michigan State,Iowa,False,DraftKings,7.0,39.5,3.377522332218469,51.63758723836684,10.377522332218469,12.13758723836684,home,over,5.0,5.0,1.0,1,,,,,,,,
2024,8,401636904,2024-10-19 19:30:00-04:00,West Virginia,Kansas State,False,DraftKings,2.5,56.5,3.862731521903634,60.5143517330941,6.362731521903633,4.014351733094102,home,none,5.0,5.0,1.0,0,,,,,,,,
2024,8,401645349,2024-10-19 19:30:00-04:00,Memphis,North Texas,False,DraftKings,-10.5,67.5,-13.506956545477449,59.3858462923289,24.00695654547745,8.1141537076711,away,under,5.0,5.0,1.0,1,,,,,,,,
2024,8,401635590,2024-10-19 20:00:00-04:00,Stanford,SMU,False,DraftKings,16.5,52.5,-11.227512158435824,51.50037187824742,5.2724878415641765,0.9996281217525792,home,none,5.0,5.0,1.0,0,,,,,,,,
2024,8,401636903,2024-10-19 22:30:00-04:00,Utah,TCU,False,DraftKings,-3.0,52.0,7.527791271280563,57.19268530278132,4.527791271280563,5.192685302781321,home,none,5.0,5.0,1.0,0,,,,,,,,
2024,9,401640993,2024-10-23 19:00:00-04:00,Kennesaw State,Liberty,False,Bovada,27.0,48.0,-20.235388452957167,50.85797635471891,6.764611547042833,2.8579763547189074,home,none,5.0,4.0,1.0,1,,,,,,,,
2024,9,401634771,2024-10-25 19:30:00-04:00,Boston College,Louisville,False,Bovada,7.0,54.0,-2.8920030306986204,54.69550186110964,4.10799696930138,0.6955018611096406,home,none,6.0,6.0,1.0,1,,,,,,,,
2024,9,401643740,2024-10-25 22:30:00-04:00,UNLV,Boise State,False,Bovada,4.0,64.0,4.945619357911763,60.41532383403001,8.945619357911763,3.584676165969988,home,none,6.0,5.0,1.0,0,,,,,,,,
2024,9,401645353,2024-10-26 12:00:00-04:00,Memphis,Charlotte,False,Bovada,-17.0,56.5,3.3013791170580817,52.13720914761087,13.69862088294192,4.362790852389132,away,none,6.0,6.0,1.0,1,,,,,,,,
2024,9,401644755,2024-10-26 12:00:00-04:00,Ohio,Buffalo,False,Bovada,-4.0,46.5,13.886733120843148,48.6401653523554,9.886733120843148,2.140165352355396,home,none,6.0,6.0,1.0,1,,,,,,,,
2024,9,401635597,2024-10-26 12:00:00-04:00,Virginia Tech,Georgia Tech,False,Bovada,-11.0,52.0,0.4027264688329484,56.48763587305767,10.597273531167051,4.48763587305767,away,none,7.0,7.0,1.0,0,,,,,,,,
2024,9,401645354,2024-10-26 12:00:00-04:00,North Texas,Tulane,False,Bovada,7.5,70.5,-3.994091196422771,59.51891700306403,3.505908803577229,10.981082996935967,home,under,6.0,6.0,1.0,0,,,,,,,,
2024,9,401628983,2024-10-26 12:00:00-04:00,Navy,Notre Dame,True,Bovada,14.0,50.5,3.086449316731047,56.295296047311965,17.08644931673105,5.795296047311965,home,none,5.0,7.0,1.0,0,,,,,,,,
2024,9,401628530,2024-10-26 12:00:00-04:00,Ohio State,Nebraska,False,DraftKings,-25.0,48.5,13.05025933418914,56.55394924496751,11.94974066581086,8.053949244967512,away,over,6.0,6.0,1.0,1,,,,,,,,
2024,9,401643816,2024-10-26 13:00:00-04:00,App State,Georgia State,False,Bovada,-7.5,59.0,2.8750325024393137,57.71001726111594,4.624967497560686,1.2899827388840563,away,none,5.0,5.0,1.0,1,,,,,,,,
2024,9,401644687,2024-10-26 14:00:00-04:00,Miami (OH),Central Michigan,False,Bovada,-10.5,48.5,6.859406655263104,53.62254572962203,3.640593344736896,5.122545729622033,away,none,7.0,6.0,1.0,0,,,,,,,,
2024,9,401644753,2024-10-26 15:30:00-04:00,Ball State,Northern Illinois,False,Bovada,13.5,47.5,-9.669902189643755,53.82631803948677,3.830097810356243,6.326318039486772,home,none,6.0,6.0,1.0,1,,,,,,,,
2024,9,401644752,2024-10-26 15:30:00-04:00,Akron,Eastern Michigan,False,Bovada,2.5,50.5,-8.137075608995817,52.501653662623546,5.637075608995817,2.0016536626235464,away,none,6.0,6.0,1.0,0,,,,,,,,
2024,9,401644756,2024-10-26 15:30:00-04:00,Western Michigan,Kent State,False,Bovada,-19.0,61.0,9.004392246935078,61.0745145214651,9.995607753064922,0.0745145214650975,away,none,6.0,6.0,1.0,0,,,,,,,,
2024,9,401636911,2024-10-26 15:30:00-04:00,UCF,BYU,False,Bovada,-2.5,53.5,6.48310508924876,55.62936405038129,3.98310508924876,2.129364050381291,home,none,6.0,6.0,1.0,0,,,,,,,,
2024,9,401628528,2024-10-26 15:30:00-04:00,Minnesota,Maryland,False,Bovada,-6.0,45.0,1.9426866226054909,53.68927300176919,4.057313377394509,8.689273001769187,away,over,6.0,6.0,1.0,0,,,,,,,,
2024,9,401628527,2024-10-26 15:30:00-04:00,Iowa,Northwestern,False,Bovada,-16.5,38.5,4.577995843817925,58.79143316137035,11.922004156182076,20.29143316137035,away,over,6.0,6.0,1.0,0,,,,,,,,
2024,9,401628525,2024-10-26 15:30:00-04:00,Oregon,Illinois,False,Bovada,-22.5,54.0,16.454478768021126,58.83832432217319,6.045521231978874,4.838324322173186,away,none,6.0,6.0,1.0,0,,,,,,,,
2024,9,401635594,2024-10-26 16:00:00-04:00,California,Oregon State,False,Bovada,-13.0,51.0,4.2659938771264425,55.6613381203679,8.734006122873557,4.661338120367901,away,none,6.0,6.0,1.0,0,,,,,,,,
2024,9,401628405,2024-10-26 16:15:00-04:00,Vanderbilt,Texas,False,Bovada,17.0,50.5,-12.52361332445377,57.35773094984545,4.47638667554623,6.857730949845447,home,none,6.0,7.0,1.0,1,,,,,,,,
2024,9,401643818,2024-10-26 19:00:00-04:00,Arkansas State,Troy,False,Bovada,-8.5,50.0,-3.493800806711599,54.44597154196023,11.9938008067116,4.445971541960233,away,none,6.0,6.0,1.0,1,,,,,,,,
2024,9,401636905,2024-10-26 19:00:00-04:00,Arizona,West Virginia,False,Bovada,-5.5,51.5,-2.3072388167616795,55.635371425590094,7.807238816761679,4.135371425590094,away,none,6.0,6.0,1.0,1,,,,,,,,
2024,9,401628531,2024-10-26 19:30:00-04:00,Wisconsin,Penn State,False,DraftKings,6.5,47.0,-2.864821804697017,51.2052175779559,3.635178195302984,4.205217577955899,home,none,6.0,6.0,1.0,0,,,,,,,,
2024,9,401628404,2024-10-26 19:30:00-04:00,Texas A&M,LSU,False,DraftKings,-2.0,54.5,-1.7671542271212246,56.64955650571532,3.7671542271212246,2.149556505715317,away,none,6.0,6.0,1.0,0,,,,,,,,
2024,9,401636909,2024-10-26 20:00:00-04:00,Kansas State,Kansas,False,DraftKings,-10.0,56.5,17.25976190314783,59.289692591787166,7.259761903147829,2.7896925917871656,home,none,6.0,6.0,1.0,0,,,,,,,,
2024,9,401643742,2024-10-26 20:00:00-04:00,Fresno State,San José State,False,Bovada,-6.5,55.0,2.559078071980094,54.8266116132656,3.940921928019906,0.1733883867344019,away,none,6.0,6.0,1.0,0,,,,,,,,
2024,9,401636907,2024-10-26 22:15:00-04:00,Colorado,Cincinnati,False,Bovada,-6.0,57.0,11.387966978160124,58.623074721090745,5.387966978160124,1.6230747210907452,home,none,6.0,6.0,1.0,1,,,,,,,,
2024,9,401643744,2024-10-26 22:30:00-04:00,San Diego State,Washington State,False,Bovada,17.0,56.5,-2.9110576872841065,60.28659173765545,14.088942312715892,3.786591737655449,home,none,5.0,6.0,1.0,1,,,,,,,,
2024,10,401643820,2024-10-29 19:30:00-04:00,Texas State,Louisiana,False,DraftKings,-4.0,60.5,11.0516994793687,59.24221915708073,7.0516994793687005,1.2577808429192672,home,none,6.0,6.0,1.0,0,,,,,,,,
2024,10,401641012,2024-10-29 20:00:00-04:00,Sam Houston,Louisiana Tech,False,DraftKings,-10.5,45.5,5.322826662408822,52.70299693824895,5.177173337591178,7.202996938248951,away,none,8.0,6.0,1.0,1,,,,,,,,
2024,10,401641020,2024-10-30 19:30:00-04:00,Western Kentucky,Kennesaw State,False,DraftKings,-24.0,49.0,14.500089550493142,52.1652309231044,9.499910449506858,3.165230923104403,away,none,6.0,6.0,1.0,1,,,,,,,,
2024,10,401645356,2024-10-31 19:30:00-04:00,Charlotte,Tulane,False,DraftKings,14.5,55.5,-5.231279359747672,53.76849875226332,9.268720640252328,1.731501247736681,home,none,7.0,7.0,1.0,0,,,,,,,,
2024,10,401645357,2024-11-01 19:30:00-04:00,Florida Atlantic,South Florida,False,DraftKings,1.5,48.0,6.892236840163882,52.83753012924902,8.392236840163882,4.837530129249018,home,none,6.0,6.0,1.0,0,,,,,,,,
2024,10,401643747,2024-11-01 20:00:00-04:00,Boise State,San Diego State,False,DraftKings,-24.5,55.5,15.869217520385956,58.84329331251198,8.630782479614043,3.3432933125119817,away,none,6.0,6.0,1.0,0,,,,,,,,
2024,10,401643746,2024-11-02 12:00:00-04:00,Army,Air Force,False,DraftKings,-18.0,38.5,22.54944811294135,55.06574823882323,4.549448112941349,16.565748238823232,home,over,6.0,6.0,1.0,0,,,,,,,,
2024,10,401644757,2024-11-02 12:00:00-04:00,Akron,Buffalo,False,DraftKings,-1.0,49.0,-2.728499318679625,53.69295412690463,3.728499318679625,4.692954126904631,away,none,7.0,7.0,1.0,1,,,,,,,,
2024,10,401644758,2024-11-02 12:00:00-04:00,Eastern Michigan,Toledo,False,DraftKings,10.0,54.5,-3.7295859771980657,55.54442779770968,6.270414022801934,1.0444277977096803,home,none,7.0,7.0,1.0,1,,,,,,,,
2024,10,401628539,2024-11-02 12:00:00-04:00,Penn State,Ohio State,False,DraftKings,3.0,47.5,6.221000880960052,55.64402523711994,9.221000880960052,8.14402523711994,home,over,7.0,7.0,1.0,0,,,,,,,,
2024,10,401635601,2024-11-02 12:00:00-04:00,Miami,Duke,False,DraftKings,-21.0,55.5,15.797097240275717,59.670514999547855,5.202902759724283,4.170514999547855,away,none,7.0,7.0,1.0,0,,,,,,,,
2024,10,401628406,2024-11-02 12:00:00-04:00,Arkansas,Ole Miss,False,DraftKings,8.0,54.0,-3.712295166666925,53.75178555861707,4.287704833333075,0.2482144413829274,home,none,7.0,7.0,1.0,0,,,,,,,,
2024,10,401628538,2024-11-02 12:00:00-04:00,Purdue,Northwestern,False,DraftKings,-3.0,44.5,-3.316706618018433,55.93440260649775,6.316706618018433,11.434402606497748,away,over,6.0,7.0,1.0,1,,,,,,,,
2024,10,401628533,2024-11-02 12:00:00-04:00,Illinois,Minnesota,False,DraftKings,2.5,47.0,4.068239813605315,62.33977941707051,6.568239813605315,15.33977941707051,home,over,7.0,7.0,1.0,0,,,,,,,,
2024,10,401628407,2024-11-02 12:45:00-04:00,Auburn,Vanderbilt,False,DraftKings,-7.5,48.0,3.654979099061219,57.6913729091967,3.845020900938781,9.6913729091967,away,over,7.0,7.0,1.0,1,,,,,,,,
2024,10,401636916,2024-11-02 15:30:00-04:00,UCF,Arizona,False,DraftKings,-6.5,55.0,10.152373706604918,57.25464145919712,3.6523737066049176,2.254641459197124,home,none,7.0,7.0,1.0,1,,,,,,,,
2024,10,401636914,2024-11-02 15:30:00-04:00,Iowa State,Texas Tech,False,DraftKings,-13.5,55.0,8.245191412203615,54.151916052693096,5.254808587796385,0.848083947306904,away,none,6.0,7.0,1.0,1,,,,,,,,
2024,10,401636913,2024-11-02 15:30:00-04:00,Houston,Kansas State,False,DraftKings,12.5,46.5,-7.240756307783727,53.911899841963184,5.259243692216273,7.411899841963184,home,none,8.0,7.0,1.0,1,,,,,,,,
2024,10,401628408,2024-11-02 15:30:00-04:00,Georgia,Florida,True,DraftKings,-14.5,52.5,6.727462000494553,57.99031014325651,7.772537999505447,5.490310143256508,away,none,6.0,6.0,1.0,1,,,,,,,,
2024,10,401628537,2024-11-02 15:30:00-04:00,Nebraska,UCLA,False,DraftKings,-7.5,38.5,12.129987063615454,52.14066884175618,4.629987063615454,13.64066884175618,home,over,7.0,7.0,1.0,0,,,,,,,,
2024,10,401628536,2024-11-02 15:30:00-04:00,Michigan,Oregon,False,DraftKings,14.5,45.5,-7.049023364306111,53.31477024720137,7.450976635693889,7.814770247201373,home,over,8.0,7.0,1.0,0,,,,,,,,
2024,10,401628409,2024-11-02 16:15:00-04:00,Mississippi State,Massachusetts,False,DraftKings,-19.5,59.5,4.52610645373562,59.67920726396806,14.97389354626438,0.1792072639680597,away,none,7.0,6.0,1.0,0,,,,,,,,
2024,10,401635600,2024-11-02 19:30:00-04:00,Clemson,Louisville,False,DraftKings,-11.0,62.5,2.2676380954715163,58.088478122817314,8.732361904528483,4.411521877182686,away,none,7.0,7.0,1.0,1,,,,,,,,
2024,10,401628540,2024-11-02 19:30:00-04:00,Washington,USC,False,DraftKings,2.0,55.0,10.487458224398432,57.98331794184647,12.487458224398432,2.9833179418464653,home,none,7.0,8.0,1.0,1,,,,,,,,
2024,10,401628535,2024-11-02 19:30:00-04:00,Iowa,Wisconsin,False,DraftKings,-2.5,40.0,-3.0785103654683463,55.4088606329296,5.578510365468347,15.408860632929596,away,over,7.0,7.0,1.0,0,,,,,,,,
2024,10,401628412,2024-11-02 19:45:00-04:00,Tennessee,Kentucky,False,DraftKings,-17.5,45.5,10.353953974132487,51.55191048250894,7.146046025867511,6.051910482508937,away,none,6.0,8.0,1.0,1,,,,,,,,
2024,10,401643748,2024-11-02 20:00:00-04:00,Nevada,Colorado State,False,DraftKings,2.0,45.5,3.867069470194681,54.47433636055846,5.86706947019468,8.97433636055846,home,over,8.0,7.0,1.0,0,,,,,,,,
2024,11,401644760,2024-11-05 19:30:00-05:00,Central Michigan,Bowling Green,False,ESPN Bet,14.5,47.5,-0.1699313208633135,55.08771633968939,14.330068679136687,7.587716339689393,home,over,7.0,7.0,1.0,1,,,,,,,,
2024,11,401644688,2024-11-05 20:00:00-05:00,Ball State,Miami (OH),False,ESPN Bet,12.5,48.5,-2.8782288670175227,57.94886048052272,9.621771132982476,9.448860480522718,home,over,7.0,8.0,1.0,1,,,,,,,,
2024,11,401644761,2024-11-06 19:00:00-05:00,Kent State,Ohio,False,ESPN Bet,20.5,53.5,-12.084659683784274,56.86100124208311,8.415340316215726,3.361001242083113,home,none,7.0,7.0,1.0,0,,,,,,,,
2024,11,401628542,2024-11-08 21:00:00-05:00,UCLA,Iowa,False,ESPN Bet,6.5,44.5,-0.2977354861048806,56.28006255640084,6.20226451389512,11.780062556400845,home,over,8.0,8.0,1.0,1,,,,,,,,
2024,11,401643754,2024-11-08 22:30:00-05:00,San Diego State,New Mexico,False,ESPN Bet,-1.5,65.5,9.918801191880611,59.055894697964746,8.418801191880613,6.444105302035254,home,none,7.0,8.0,1.0,0,,,,,,,,
2024,11,401628417,2024-11-09 12:00:00-05:00,Texas,Florida,False,ESPN Bet,-24.5,48.5,8.825700912088447,54.588060185488246,15.674299087911551,6.088060185488246,away,none,8.0,7.0,1.0,0,,,,,,,,
2024,11,401643828,2024-11-09 12:00:00-05:00,UL Monroe,Texas State,False,Bovada,9.5,50.0,-5.993273684677693,55.33288940597215,3.5067263153223074,5.332889405972153,home,none,7.0,7.0,1.0,0,,,,,,,,
2024,11,401628544,2024-11-09 12:00:00-05:00,Rutgers,Minnesota,False,Bovada,6.5,44.5,-2.5026621298129688,56.16169812192065,3.9973378701870312,11.66169812192065,home,over,7.0,8.0,1.0,1,,,,,,,,
2024,11,401635609,2024-11-09 12:00:00-05:00,Georgia Tech,Miami,False,ESPN Bet,9.5,64.5,0.3485998542167414,63.90136120540699,9.848599854216742,0.5986387945930076,home,none,8.0,8.0,1.0,1,,,,,,,,
2024,11,401635606,2024-11-09 12:00:00-05:00,Boston College,Syracuse,False,ESPN Bet,-5.5,51.5,1.5949480979513535,56.51475552031816,3.9050519020486463,5.014755520318154,away,none,7.0,7.0,1.0,0,,,,,,,,
2024,11,401628545,2024-11-09 12:00:00-05:00,Ohio State,Purdue,False,ESPN Bet,-37.5,55.5,25.771461982967985,63.25870259183451,11.728538017032015,7.758702591834513,away,over,8.0,7.0,1.0,0,,,,,,,,
2024,11,401640995,2024-11-09 13:00:00-05:00,Middle Tennessee,Liberty,False,ESPN Bet,12.5,54.5,-7.0872870193485245,57.33509733846517,5.412712980651476,2.835097338465168,home,none,8.0,6.0,1.0,0,,,,,,,,
2024,11,401643829,2024-11-09 15:00:00-05:00,Southern Miss,Marshall,False,Bovada,13.5,53.5,-7.670240083568357,56.25904845172913,5.829759916431643,2.7590484517291287,home,none,7.0,7.0,1.0,0,,,,,,,,
2024,11,401628414,2024-11-09 15:30:00-05:00,Ole Miss,Georgia,False,ESPN Bet,1.5,54.5,6.088842177108031,57.27903013993114,7.588842177108031,2.779030139931137,home,none,8.0,7.0,1.0,1,,,,,,,,
2024,11,401636919,2024-11-09 15:30:00-05:00,Kansas,Iowa State,True,ESPN Bet,2.5,50.5,4.048387902172944,58.75081512009221,6.548387902172944,8.250815120092213,home,over,7.0,7.0,1.0,1,,,,,,,,
2024,11,401635607,2024-11-09 15:30:00-05:00,Virginia Tech,Clemson,False,ESPN Bet,6.5,54.5,1.5708568205067637,54.917249631903495,8.070856820506764,0.4172496319034948,home,none,9.0,8.0,1.0,0,,,,,,,,
2024,11,401645364,2024-11-09 16:00:00-05:00,Tulane,Temple,False,Bovada,-25.5,50.5,17.95285489410088,51.51596427537313,7.547145105899119,1.015964275373129,away,none,8.0,8.0,1.0,0,,,,,,,,
2024,11,401636921,2024-11-09 16:00:00-05:00,Texas Tech,Colorado,False,Bovada,5.0,62.0,-0.9727546670698716,59.592864786559886,4.0272453329301285,2.407135213440114,home,none,8.0,7.0,1.0,0,,,,,,,,
2024,11,401628418,2024-11-09 16:15:00-05:00,Vanderbilt,South Carolina,False,Bovada,6.0,44.5,-0.2639489457603132,55.07290739863702,5.736051054239686,10.57290739863702,home,over,8.0,8.0,1.0,0,,,,,,,,
2024,11,401641036,2024-11-09 18:00:00-05:00,New Mexico State,Western Kentucky,False,Bovada,18.0,53.5,-8.491440128007705,59.92406622314312,9.508559871992295,6.424066223143122,home,none,7.0,7.0,1.0,1,,,,,,,,
2024,11,401628543,2024-11-09 19:00:00-05:00,Oregon,Maryland,False,Bovada,-24.0,58.0,15.70378987930041,56.67099927307708,8.29621012069959,1.3290007269229207,away,none,8.0,7.0,1.0,1,,,,,,,,
2024,11,401628416,2024-11-09 19:00:00-05:00,Tennessee,Mississippi State,False,Bovada,-26.5,61.5,18.010049875370246,57.52741280110288,8.489950124629754,3.972587198897124,away,none,7.0,8.0,1.0,1,,,,,,,,
2024,11,401628413,2024-11-09 19:30:00-05:00,LSU,Alabama,False,ESPN Bet,2.5,57.5,2.271154476074854,57.87240039854511,4.771154476074853,0.3724003985451105,home,none,7.0,8.0,1.0,0,,,,,,,,
2024,11,401628984,2024-11-09 19:30:00-05:00,Notre Dame,Florida State,False,ESPN Bet,-25.5,44.5,20.53499660641564,51.09035069687192,4.9650033935843645,6.590350696871923,away,none,8.0,9.0,1.0,0,,,,,,,,
2024,11,401628415,2024-11-09 19:45:00-05:00,Missouri,Oklahoma,False,ESPN Bet,3.5,41.5,9.35526038325054,50.94109075259952,12.85526038325054,9.44109075259952,home,over,7.0,8.0,1.0,1,,,,,,,,
2024,11,401643752,2024-11-09 20:00:00-05:00,Boise State,Nevada,False,ESPN Bet,-23.5,60.5,14.148058550753207,57.72252014079814,9.351941449246793,2.777479859201861,away,none,7.0,9.0,1.0,1,,,,,,,,
2024,11,401643753,2024-11-09 21:00:00-05:00,Hawai'i,UNLV,False,Bovada,12.0,51.5,-6.9825488881846685,56.48976518252056,5.017451111815332,4.989765182520564,home,none,7.0,7.0,1.0,1,,,,,,,,
2024,11,401643756,2024-11-09 22:30:00-05:00,Washington State,Utah State,False,Bovada,-20.5,69.0,8.248102814627375,59.957734284203646,12.251897185372624,9.042265715796354,away,under,7.0,7.0,1.0,0,,,,,,,,
2024,12,401644763,2024-11-12 19:00:00-05:00,Buffalo,Ball State,False,DraftKings,-3.5,55.5,-0.206033802659312,58.10083138150601,3.706033802659312,2.600831381506012,away,none,8.0,8.0,1.0,1,,,,,,,,
2024,12,401644765,2024-11-12 19:00:00-05:00,Toledo,Central Michigan,False,DraftKings,-15.0,52.5,0.9463900381413128,50.71750606487316,14.053609961858688,1.782493935126837,away,none,8.0,8.0,1.0,0,,,,,,,,
2024,12,401644766,2024-11-13 19:00:00-05:00,Northern Illinois,Akron,False,DraftKings,-14.0,43.5,8.74436496007436,50.863762554633865,5.25563503992564,7.363762554633865,away,none,8.0,8.0,1.0,1,,,,,,,,
2024,12,401644767,2024-11-13 19:00:00-05:00,Ohio,Eastern Michigan,False,DraftKings,-10.5,51.5,4.17286359520177,55.51991664876058,6.32713640479823,4.019916648760578,away,none,8.0,8.0,1.0,0,,,,,,,,
2024,12,401644689,2024-11-13 19:00:00-05:00,Miami (OH),Kent State,False,DraftKings,-31.0,47.5,18.51662515486849,54.50077586627937,12.483374845131513,7.000775866279369,away,none,9.0,8.0,1.0,1,,,,,,,,
2024,12,401645365,2024-11-14 19:30:00-05:00,Tulsa,East Carolina,False,DraftKings,16.0,63.5,-1.592257306830734,55.18892756508525,14.407742693169268,8.311072434914749,home,under,8.0,8.0,1.0,1,,,,,,,,
2024,12,401628553,2024-11-15 21:00:00-05:00,Washington,UCLA,False,DraftKings,-4.5,47.0,10.577780266513932,57.23777764167891,6.077780266513932,10.23777764167891,home,over,9.0,9.0,1.0,1,,,,,,,,
2024,12,401641013,2024-11-16 12:00:00-05:00,Western Kentucky,Louisiana Tech,False,DraftKings,-11.5,52.5,4.345796452320952,52.51075771227496,7.154203547679048,0.0107577122749589,away,none,8.0,8.0,1.0,1,,,,,,,,
2024,12,401635582,2024-11-16 12:00:00-05:00,Pittsburgh,Clemson,False,DraftKings,12.0,52.0,-0.4524063995572982,55.88679194738637,11.547593600442704,3.886791947386364,home,none,8.0,9.0,1.0,1,,,,,,,,
2024,12,401628419,2024-11-16 12:00:00-05:00,Arkansas,Texas,False,DraftKings,13.0,57.5,1.8030662532157264,56.14644337799749,14.803066253215729,1.3535566220025077,home,none,8.0,9.0,1.0,1,,,,,,,,
2024,12,401628550,2024-11-16 12:00:00-05:00,Northwestern,Ohio State,True,DraftKings,28.0,43.5,-17.05514147496627,49.05673670412277,10.94485852503373,5.55673670412277,home,none,8.0,9.0,1.0,1,,,,,,,,
2024,12,401629046,2024-11-16 12:00:00-05:00,Massachusetts,Liberty,False,DraftKings,17.0,53.0,-9.054735231797885,54.07763357564486,7.945264768202115,1.0776335756448605,home,none,7.0,7.0,1.0,1,,,,,,,,
2024,12,401628426,2024-11-16 12:45:00-05:00,Auburn,UL Monroe,False,DraftKings,-24.5,46.0,12.75353671621495,52.7658312393424,11.74646328378505,6.765831239342397,away,none,8.0,8.0,1.0,0,,,,,,,,
2024,12,401645369,2024-11-16 14:00:00-05:00,Temple,Florida Atlantic,False,DraftKings,-2.0,50.0,6.044808638619129,53.39497012391434,4.044808638619129,3.394970123914341,home,none,9.0,8.0,1.0,1,,,,,,,,
2024,12,401641022,2024-11-16 15:00:00-05:00,Kennesaw State,Sam Houston,False,DraftKings,21.0,42.5,-7.599073346397505,51.89202980064446,13.400926653602497,9.392029800644458,home,over,8.0,9.0,1.0,1,,,,,,,,
2024,12,401643760,2024-11-16 15:00:00-05:00,Utah State,Hawai'i,False,DraftKings,2.5,62.0,6.594654798164383,61.23634924011794,9.094654798164385,0.7636507598820614,home,none,8.0,8.0,1.0,1,,,,,,,,
2024,12,401628552,2024-11-16 15:30:00-05:00,Purdue,Penn State,False,DraftKings,30.0,51.5,-19.529139797650306,55.615340238227816,10.470860202349694,4.115340238227816,home,none,8.0,9.0,1.0,0,,,,,,,,
2024,12,401628985,2024-11-16 15:30:00-05:00,Notre Dame,Virginia,False,DraftKings,-20.5,51.0,13.772641193859627,53.292912423910735,6.727358806140371,2.2929124239107352,away,none,9.0,8.0,1.0,0,,,,,,,,
2024,12,401635517,2024-11-16 15:30:00-05:00,Stanford,Louisville,False,DraftKings,21.0,57.5,-8.8084878477541,55.73492007606316,12.1915121522459,1.765079923936845,home,none,8.0,8.0,1.0,1,,,,,,,,
2024,12,401628420,2024-11-16 15:30:00-05:00,Florida,LSU,False,DraftKings,3.0,57.0,3.088997901291373,58.46401612206893,6.088997901291373,1.4640161220689265,home,none,8.0,8.0,1.0,1,,,,,,,,
2024,12,401643833,2024-11-16 16:00:00-05:00,Old Dominion,James Madison,False,DraftKings,1.5,51.0,2.1226774318541923,51.5922420971823,3.622677431854192,0.5922420971823001,home,none,9.0,8.0,1.0,0,,,,,,,,
2024,12,401628549,2024-11-16 16:00:00-05:00,USC,Nebraska,False,DraftKings,-6.5,51.0,13.400725463359889,56.780569105299485,6.900725463359889,5.7805691052994845,home,none,9.0,8.0,1.0,1,,,,,,,,
2024,12,401643758,2024-11-16 19:00:00-05:00,San José State,Boise State,False,DraftKings,14.5,62.0,-3.052214840023124,57.32666457101941,11.447785159976876,4.673335428980586,home,none,8.0,8.0,1.0,0,,,,,,,,
2024,12,401643834,2024-11-16 19:00:00-05:00,Louisiana,South Alabama,False,DraftKings,-6.5,60.0,-0.2129966512154988,58.20705940686773,6.712996651215499,1.792940593132272,away,none,8.0,8.0,1.0,1,,,,,,,,
2024,12,401643835,2024-11-16 19:00:00-05:00,Texas State,Southern Miss,False,DraftKings,-27.5,56.5,15.27336143866505,60.63121514464354,12.22663856133495,4.131215144643541,away,none,8.0,8.0,1.0,0,,,,,,,,
2024,12,401628551,2024-11-16 19:30:00-05:00,Wisconsin,Oregon,False,DraftKings,13.5,49.5,-5.266554434661594,51.76988321452211,8.233445565338407,2.2698832145221104,home,none,8.0,9.0,1.0,1,,,,,,,,
2024,12,401628421,2024-11-16 19:30:00-05:00,Georgia,Tennessee,False,DraftKings,-8.5,47.0,4.030862078692747,50.26862779333754,4.469137921307253,3.268627793337544,away,none,8.0,8.0,1.0,0,,,,,,,,
2024,12,401628424,2024-11-16 19:45:00-05:00,Texas A&M,New Mexico State,False,DraftKings,-38.5,54.5,20.559802039799603,51.36789605577635,17.940197960200397,3.132103944223651,away,none,8.0,8.0,1.0,1,,,,,,,,
2024,12,401645367,2024-11-16 20:00:00-05:00,Memphis,UAB,False,DraftKings,-16.0,62.0,5.2283308823546975,58.844452276237945,10.771669117645304,3.155547723762055,away,none,9.0,8.0,1.0,0,,,,,,,,
2024,12,401643762,2024-11-16 22:30:00-05:00,UNLV,San Diego State,False,DraftKings,-22.0,55.5,16.558568151417862,53.92052176821129,5.441431848582138,1.5794782317887126,away,none,8.0,8.0,1.0,1,,,,,,,,
2024,13,401644773,2024-11-20 19:00:00-05:00,Toledo,Ohio,False,DraftKings,-1.5,47.0,-4.451337089873844,51.39372744873738,5.951337089873844,4.39372744873738,away,none,9.0,9.0,1.0,1,,,,,,,,
2024,13,401645374,2024-11-22 19:00:00-05:00,UTSA,Temple,False,DraftKings,-16.5,56.0,9.433078823856787,52.34999491090257,7.066921176143213,3.6500050890974265,away,none,9.0,10.0,1.0,0,,,,,,,,
2024,13,401628558,2024-11-22 20:00:00-05:00,Michigan State,Purdue,False,DraftKings,-14.0,49.0,8.975753502675659,55.17164803449344,5.0242464973243415,6.171648034493437,away,none,9.0,9.0,1.0,1,,,,,,,,
2024,13,401643767,2024-11-22 22:00:00-05:00,San José State,UNLV,False,DraftKings,7.5,59.5,1.9890229594412552,56.92066742498065,9.489022959441256,2.5793325750193503,home,none,9.0,9.0,1.0,0,,,,,,,,
2024,13,401628429,2024-11-23 12:00:00-05:00,Florida,Ole Miss,False,DraftKings,13.0,57.5,-6.222201075948737,57.33524623331103,6.777798924051263,0.1647537666889675,home,none,9.0,9.0,1.0,1,,,,,,,,
2024,13,401635618,2024-11-23 12:00:00-05:00,Miami,Wake Forest,False,DraftKings,-23.5,67.0,18.506023626502703,62.46068878853665,4.993976373497297,4.53931121146335,away,none,9.0,9.0,1.0,0,,,,,,,,
2024,13,401635518,2024-11-23 12:00:00-05:00,Syracuse,UConn,False,DraftKings,-10.0,53.0,4.776850926671711,55.042548376765495,5.223149073328289,2.042548376765496,away,none,9.0,9.0,1.0,1,,,,,,,,
2024,13,401635619,2024-11-23 12:00:00-05:00,Virginia,SMU,False,DraftKings,11.5,54.5,-2.494808710180477,55.090692064185546,9.005191289819523,0.5906920641855464,home,none,9.0,9.0,1.0,0,,,,,,,,
2024,13,401628430,2024-11-23 12:45:00-05:00,Georgia,Massachusetts,False,DraftKings,-42.5,55.5,21.119216614976978,54.72752028321862,21.380783385023022,0.7724797167813833,away,none,9.0,8.0,1.0,1,,,,,,,,
2024,13,401628435,2024-11-23 13:00:00-05:00,Tennessee,UTEP,False,DraftKings,-41.5,54.0,19.607793505144645,49.09223249367128,21.892206494855355,4.907767506328717,away,none,9.0,9.0,1.0,0,,,,,,,,
2024,13,401645373,2024-11-23 14:00:00-05:00,UAB,Rice,False,DraftKings,7.0,52.0,4.8160943942183305,56.67735708170164,11.81609439421833,4.677357081701636,home,none,9.0,9.0,1.0,1,,,,,,,,
2024,13,401644774,2024-11-23 14:00:00-05:00,Ball State,Bowling Green,False,DraftKings,12.5,54.5,-6.862148950026558,55.25363352501959,5.637851049973442,0.7536335250195876,home,none,9.0,9.0,1.0,0,,,,,,,,
2024,13,401643836,2024-11-23 14:30:00-05:00,App State,James Madison,False,DraftKings,7.5,57.5,-3.445418012396864,56.27562775594679,4.054581987603136,1.2243722440532068,home,none,8.0,9.0,1.0,1,,,,,,,,
2024,13,401643841,2024-11-23 15:00:00-05:00,Southern Miss,South Alabama,False,DraftKings,24.0,54.0,-14.070740527062796,53.65949634648393,9.929259472937204,0.3405036535160732,home,none,9.0,9.0,1.0,1,,,,,,,,
2024,13,401636934,2024-11-23 15:30:00-05:00,Oklahoma State,Texas Tech,False,DraftKings,5.0,63.5,0.3016130306553237,60.21370135142581,5.301613030655323,3.2862986485741885,home,none,9.0,9.0,1.0,0,,,,,,,,
2024,13,401645375,2024-11-23 15:30:00-05:00,South Florida,Tulsa,False,DraftKings,-17.5,60.0,9.193546923174376,52.75502094737256,8.306453076825624,7.244979052627443,away,none,9.0,9.0,1.0,0,,,,,,,,
2024,13,401636930,2024-11-23 15:30:00-05:00,Arizona State,BYU,False,DraftKings,-3.5,49.0,7.955404729328084,55.9955041160735,4.455404729328084,6.995504116073498,home,none,10.0,9.0,1.0,1,,,,,,,,
2024,13,401628559,2024-11-23 15:30:00-05:00,Minnesota,Penn State,False,DraftKings,11.0,45.0,-4.182450702186782,53.46838490424243,6.817549297813218,8.468384904242427,home,over,9.0,10.0,1.0,1,,,,,,,,
2024,13,401635613,2024-11-23 15:30:00-05:00,California,Stanford,False,DraftKings,-15.0,53.5,11.382046811461962,56.53117295718755,3.61795318853804,3.0311729571875503,away,none,9.0,9.0,1.0,1,,,,,,,,
2024,13,401643766,2024-11-23 15:30:00-05:00,Utah State,San Diego State,False,DraftKings,-5.0,60.0,10.150007316965278,56.97355625485054,5.150007316965278,3.026443745149457,home,none,9.0,9.0,1.0,1,,,,,,,,
2024,13,401628427,2024-11-23 16:00:00-05:00,Arkansas,Louisiana Tech,False,DraftKings,-23.5,48.5,17.492973613495515,54.07696355173482,6.007026386504485,5.576963551734821,away,none,9.0,9.0,1.0,1,,,,,,,,
2024,13,401628432,2024-11-23 16:15:00-05:00,Mississippi State,Missouri,False,DraftKings,9.5,58.0,0.9137247485060808,57.14850324500132,10.41372474850608,0.8514967549986849,home,none,9.0,9.0,1.0,0,,,,,,,,
2024,13,401628572,2024-11-23 19:00:00-05:00,Oregon State,Washington State,False,DraftKings,11.0,57.0,-6.836796768219477,56.98804367982172,4.163203231780523,0.0119563201782781,home,none,9.0,9.0,1.0,1,,,,,,,,
2024,13,401643842,2024-11-23 19:00:00-05:00,Texas State,Georgia State,False,DraftKings,-23.0,59.5,16.368253683684827,59.725023209422254,6.631746316315173,0.2250232094222539,away,none,9.0,9.0,1.0,1,,,,,,,,
2024,13,401640959,2024-11-23 19:00:00-05:00,Notre Dame,Army,True,DraftKings,-14.5,44.5,7.436076832873756,52.74138793131497,7.063923167126244,8.241387931314968,away,over,10.0,8.0,1.0,0,,,,,,,,
2024,13,401643764,2024-11-23 19:00:00-05:00,Wyoming,Boise State,False,DraftKings,22.0,54.0,-12.156699858204927,56.24983330639727,9.843300141795073,2.249833306397271,home,none,9.0,9.0,1.0,1,,,,,,,,
2024,13,401628428,2024-11-23 19:30:00-05:00,Auburn,Texas A&M,False,DraftKings,2.5,47.0,5.687495350157118,51.89345234716323,8.187495350157118,4.893452347163233,home,none,9.0,9.0,1.0,1,,,,,,,,
2024,13,401628433,2024-11-23 19:30:00-05:00,Oklahoma,Alabama,False,DraftKings,14.0,47.0,-5.587555757039842,53.24616951011208,8.412444242960158,6.246169510112075,home,none,9.0,9.0,1.0,1,,,,,,,,
2024,13,401636936,2024-11-23 19:30:00-05:00,Utah,Iowa State,False,DraftKings,6.5,42.5,0.2719091244600076,54.731903630362034,6.771909124460008,12.231903630362034,home,over,9.0,9.0,1.0,1,,,,,,,,
2024,14,401644776,2024-11-26 19:00:00-05:00,Buffalo,Kent State,False,DraftKings,-23.5,51.0,13.103799212477888,53.7410464309313,10.396200787522112,2.7410464309312985,away,none,10.0,10.0,1.0,0,,,,,,,,
2024,14,401644775,2024-11-26 19:00:00-05:00,Akron,Toledo,False,DraftKings,9.0,49.5,-4.408354852447067,53.17145614304256,4.591645147552933,3.671456143042562,home,none,10.0,10.0,1.0,1,,,,,,,,
2024,14,401645376,2024-11-28 19:30:00-05:00,Tulane,Memphis,False,DraftKings,-12.5,54.5,16.413576590325434,54.34783192157537,3.913576590325434,0.1521680784246299,home,none,10.0,10.0,1.0,0,,,,,,,,
2024,14,401644777,2024-11-29 12:00:00-05:00,Ohio,Ball State,False,DraftKings,-18.0,51.5,11.00403513587913,53.47946171957231,6.99596486412087,1.9794617195723063,away,none,10.0,10.0,1.0,0,,,,,,,,
2024,14,401644691,2024-11-29 12:00:00-05:00,Bowling Green,Miami (OH),False,DraftKings,-3.0,38.5,8.269086067261108,53.471245336729055,5.269086067261108,14.971245336729057,home,over,10.0,11.0,1.0,0,,,,,,,,
2024,14,401643769,2024-11-29 12:00:00-05:00,Boise State,Oregon State,False,DraftKings,-17.5,58.0,13.505770543460429,56.56627635062858,3.9942294565395713,1.4337236493714158,away,none,10.0,10.0,1.0,1,,,,,,,,
2024,14,401628442,2024-11-29 15:30:00-05:00,Ole Miss,Mississippi State,False,Bovada,-26.0,62.0,16.86238806266099,61.43005161398934,9.13761193733901,0.5699483860106582,away,none,10.0,10.0,1.0,1,,,,,,,,
2024,14,401635625,2024-11-29 16:00:00-05:00,San José State,Stanford,False,DraftKings,-2.5,54.5,7.161758282734297,57.84507009477076,4.661758282734297,3.3450700947707617,home,none,10.0,10.0,1.0,1,,,,,,,,
2024,14,401628562,2024-11-29 19:30:00-05:00,Iowa,Nebraska,False,Bovada,-3.0,41.0,7.47286847113825,54.01569755493878,4.47286847113825,13.015697554938782,home,over,10.0,10.0,1.0,0,,,,,,,,
2024,14,401628439,2024-11-29 19:30:00-05:00,Georgia,Georgia Tech,False,DraftKings,-17.0,49.0,4.896775472763963,54.48651280080464,12.103224527236035,5.48651280080464,away,none,10.0,10.0,1.0,1,,,,,,,,
2024,14,401636939,2024-11-29 20:00:00-05:00,UCF,Utah,False,Bovada,-10.0,46.5,13.89868594812429,54.16848347948967,3.8986859481242906,7.668483479489673,home,over,10.0,10.0,1.0,0,,,,,,,,
2024,14,401636941,2024-11-30 12:00:00-05:00,Baylor,Kansas,False,DraftKings,1.5,62.0,4.521604564950588,62.009331902660485,6.021604564950588,0.0093319026604845,home,none,10.0,10.0,1.0,1,,,,,,,,
2024,14,401645381,2024-11-30 12:00:00-05:00,Temple,North Texas,False,DraftKings,12.0,63.0,-6.077413967233513,55.57497390312273,5.922586032766487,7.425026096877268,home,none,11.0,10.0,1.0,1,,,,,,,,
2024,14,401645378,2024-11-30 12:00:00-05:00,Army,UTSA,False,DraftKings,-6.0,53.0,11.523436062262194,52.470920531667645,5.523436062262194,0.5290794683323554,home,none,9.0,10.0,1.0,0,,,,,,,,
2024,14,401635622,2024-11-30 12:00:00-05:00,Wake Forest,Duke,False,ESPN Bet,3.5,53.5,0.2044408506665822,54.53126537043057,3.704440850666584,1.0312653704305674,home,none,10.0,10.0,1.0,0,,,,,,,,
2024,14,401629038,2024-11-30 12:00:00-05:00,Massachusetts,UConn,False,DraftKings,8.0,50.0,-1.7139177385102122,53.75079551354512,6.286082261489788,3.750795513545121,home,none,9.0,10.0,1.0,1,,,,,,,,
2024,14,401628563,2024-11-30 12:00:00-05:00,Northwestern,Illinois,True,Bovada,9.0,43.5,-0.5016528733088155,55.06805856267318,8.498347126691185,11.56805856267318,home,over,10.0,10.0,1.0,0,,,,,,,,
2024,14,401645382,2024-11-30 14:00:00-05:00,Rice,South Florida,False,DraftKings,5.5,54.0,2.6361646124979186,51.729708174818754,8.136164612497918,2.2702918251812463,home,none,10.0,10.0,1.0,1,,,,,,,,
2024,14,401635624,2024-11-30 15:30:00-05:00,North Carolina,NC State,False,ESPN Bet,-2.5,54.5,6.362688784989194,58.03760359737482,3.862688784989194,3.5376035973748188,home,none,10.0,10.0,1.0,0,,,,,,,,
2024,14,401644779,2024-11-30 15:30:00-05:00,Northern Illinois,Central Michigan,False,DraftKings,-13.5,40.0,8.94358067405693,50.58675671025903,4.55641932594307,10.586756710259031,away,over,10.0,10.0,1.0,1,,,,,,,,
2024,14,401628567,2024-11-30 15:30:00-05:00,Michigan State,Rutgers,False,Bovada,-1.5,46.5,-3.1803997900516783,53.51329365450293,4.680399790051679,7.013293654502931,away,none,10.0,10.0,1.0,1,,,,,,,,
2024,14,401635623,2024-11-30 15:30:00-05:00,Syracuse,Miami,False,DraftKings,12.0,67.5,-3.3538407925265465,63.30201216757781,8.646159207473453,4.197987832422193,home,none,10.0,10.0,1.0,1,,,,,,,,
2024,14,401628570,2024-11-30 15:30:00-05:00,UCLA,Fresno State,False,DraftKings,-7.5,46.5,3.4311397800730687,53.72465189285931,4.068860219926931,7.224651892859313,away,none,11.0,10.0,1.0,1,,,,,,,,
2024,14,401628565,2024-11-30 15:30:00-05:00,Penn State,Maryland,False,Bovada,-25.5,50.0,18.1330088395467,56.51270688756412,7.366991160453299,6.512706887564121,away,none,11.0,10.0,1.0,0,,,,,,,,
2024,14,401641031,2024-11-30 16:00:00-05:00,New Mexico State,UTEP,False,DraftKings,-3.5,51.5,-3.395990149645258,52.64152199129695,6.895990149645257,1.1415219912969476,away,none,10.0,10.0,1.0,1,,,,,,,,
2024,14,401636943,2024-11-30 18:00:00-05:00,Cincinnati,TCU,False,Bovada,2.5,58.5,4.788708256086624,57.66779518879321,7.288708256086624,0.8322048112067932,home,none,10.0,10.0,1.0,0,,,,,,,,
2024,14,401643773,2024-11-30 18:30:00-05:00,Washington State,Wyoming,False,DraftKings,-18.5,55.0,10.566046416928277,57.5561922096099,7.933953583071723,2.556192209609897,away,none,10.0,10.0,1.0,1,,,,,,,,
2024,14,401628441,2024-11-30 19:00:00-05:00,LSU,Oklahoma,False,Bovada,-6.0,48.0,1.848989872620837,53.22163615537657,4.151010127379163,5.221636155376572,away,none,10.0,10.0,1.0,0,,,,,,,,
2024,14,401628438,2024-11-30 19:00:00-05:00,Florida State,Florida,False,Bovada,17.0,46.0,-7.343893786064148,56.10685476757109,9.656106213935852,10.106854767571091,home,over,10.0,10.0,1.0,0,,,,,,,,
2024,14,401628445,2024-11-30 19:30:00-05:00,Texas A&M,Texas,False,Bovada,4.5,50.0,0.2941956761238613,56.5935250498169,4.794195676123861,6.593525049816897,home,none,10.0,11.0,1.0,0,,,,,,,,
2024,14,401628569,2024-11-30 19:30:00-05:00,Oregon,Washington,False,Bovada,-17.5,51.0,8.812336984061385,56.13382198464205,8.687663015938615,5.133821984642047,away,none,10.0,10.0,1.0,0,,,,,,,,
2024,14,401643772,2024-11-30 20:00:00-05:00,UNLV,Nevada,False,DraftKings,-17.5,54.0,9.865401173138872,55.96616975086413,7.634598826861128,1.9661697508641325,away,none,10.0,11.0,1.0,0,,,,,,,,
2024,14,401643771,2024-11-30 23:00:00-05:00,Hawai'i,New Mexico,False,DraftKings,6.5,59.5,3.099737486645352,57.10185930197277,9.59973748664535,2.398140698027227,home,none,9.0,10.0,1.0,1,,,,,,,,
2024,15,401673465,2024-12-07 12:00:00-05:00,Arizona State,Iowa State,True,DraftKings,1.5,51.0,5.545337281009621,57.85107761200281,7.045337281009621,6.851077612002811,home,none,12.0,11.0,1.0,1,,,,,,,,
2024,15,401673469,2024-12-07 16:00:00-05:00,Texas,Georgia,True,DraftKings,-3.0,51.0,7.941090204631514,56.48832874511988,4.941090204631514,5.48832874511988,home,none,12.0,11.0,1.0,0,,,,,,,,
2024,15,401673463,2024-12-07 20:00:00-05:00,SMU,Clemson,True,DraftKings,-2.5,56.5,7.977493385040416,56.46239400424692,5.477493385040416,0.0376059957530827,home,none,11.0,11.0,1.0,0,,,,,,,,
2024,16,401645383,,Army,Navy,,,-6.5,,6.431559660830532,,,,home,,,,,0,Army,Home -6.5,13.0,31.0,-18.0,away,Navy,Away +6.5
